ID Transaksi;Nomor Telepon Pelanggan;Tanggal Transaksi;Jenis Transaksi;Jumlah Transaksi (Rp)
TRX0001;08944917052;2024-04-08;Angsuran;3071576
TRX0002;08865359515;2023-11-17;Tarik;2025059
TRX0003;08775908653;2025-02-26;Tarik;1983792
TRX0004;08904094505;2023-10-07;Setor;2603775
TRX0005;08451034052;2024-01-28;Pinjaman;8174873
TRX0006;08590611418;2024-11-01;Pinjaman;14443316
TRX0007;08179642633;2024-10-13;Tarik;395202
TRX0008;08169920310;2024-01-22;Tarik;969805
TRX0009;08548734793;2023-06-25;Angsuran;1701036
TRX0010;08807498984;2025-02-11;Angsuran;3558455
TRX0011;08975415631;2025-01-11;Tarik;240181
TRX0012;08884207936;2024-11-26;Tarik;1681935
TRX0013;08792367626;2025-05-31;Tarik;670997
TRX0014;08937497854;2025-04-04;Setor;519005
TRX0015;08868233211;2023-07-31;Setor;2366775
TRX0016;08416418815;2024-09-29;Tarik;747951
TRX0017;08101597645;2024-10-01;Tarik;2195596
TRX0018;08806665426;2024-10-30;Angsuran;2848791
TRX0019;08920480729;2025-02-05;Angsuran;3658741
TRX0020;08920480729;2023-11-16;Angsuran;2714212
TRX0021;08210194604;2024-10-21;Tarik;2970008
TRX0022;08332861014;2023-08-13;Angsuran;2938061
TRX0023;08504318927;2024-09-26;Tarik;1899236
TRX0024;08807498984;2024-03-23;Angsuran;2386233
TRX0025;08101597645;2025-04-29;Pinjaman;1714051
TRX0026;08142233460;2023-08-22;Pinjaman;16884212
TRX0027;08109494275;2023-12-10;Setor;3940877
TRX0028;08193124408;2025-04-22;Setor;3017971
TRX0029;08545167025;2023-07-27;Tarik;2448219
TRX0030;08278675500;2024-11-20;Setor;1115482
TRX0031;08109508978;2025-05-28;Tarik;2299468
TRX0032;08413740415;2024-06-19;Tarik;1975942
TRX0033;08121361502;2024-09-28;Pinjaman;5982664
TRX0034;08670186769;2024-07-07;Pinjaman;2112897
TRX0035;08913378597;2024-08-18;Setor;4769420
TRX0036;08383062286;2024-01-12;Setor;1413175
TRX0037;08414669238;2024-09-12;Setor;4887772
TRX0038;08171443445;2023-12-21;Tarik;141315
TRX0039;08110186335;2024-07-09;Setor;1403891
TRX0040;08332861014;2023-09-10;Angsuran;3732353
TRX0041;08670186769;2023-10-14;Pinjaman;4496330
TRX0042;08376687417;2023-08-04;Setor;4217478
TRX0043;08171443445;2025-05-16;Tarik;944910
TRX0044;08331374819;2023-11-21;Pinjaman;2146827
TRX0045;08904094505;2025-06-12;Tarik;314865
TRX0046;08150041449;2024-04-21;Tarik;2032983
TRX0047;08542158923;2024-08-28;Setor;3751740
TRX0048;08806665426;2025-01-26;Setor;3055375
TRX0049;08291013312;2024-07-29;Pinjaman;15729458
TRX0050;08607643756;2025-02-17;Angsuran;3474707
TRX0051;08145234569;2025-01-02;Angsuran;4071036
TRX0052;08473500388;2023-11-19;Tarik;1586335
TRX0053;08451034052;2024-05-18;Setor;4888931
TRX0054;08542158923;2025-03-23;Pinjaman;5093741
TRX0055;08504318927;2024-08-20;Tarik;2077999
TRX0056;08180244279;2025-02-02;Tarik;845010
TRX0057;08937434024;2024-04-13;Tarik;1572612
TRX0058;08253732628;2024-05-08;Tarik;652907
TRX0059;08121361502;2024-08-15;Setor;2630147
TRX0060;08331374819;2023-08-02;Tarik;1541337
TRX0061;08291013312;2023-06-25;Setor;3955611
TRX0062;08127793400;2023-09-11;Setor;651881
TRX0063;08865359515;2023-11-26;Tarik;726762
TRX0064;08452094892;2023-07-03;Angsuran;715915
TRX0065;08145234569;2023-11-28;Angsuran;2214211
TRX0066;08376687417;2024-08-30;Angsuran;851520
TRX0067;08901212017;2024-03-30;Tarik;1477398
TRX0068;08171443445;2024-08-08;Angsuran;3028968
TRX0069;08473500388;2025-01-04;Angsuran;3726544
TRX0070;08607643756;2023-10-03;Setor;3290913
TRX0071;08452094892;2024-04-04;Pinjaman;5292916
TRX0072;08376687417;2023-06-15;Tarik;1714065
TRX0073;08617106153;2023-07-20;Tarik;2948446
TRX0074;08997270079;2024-05-09;Setor;3582869
TRX0075;08548734793;2024-06-08;Angsuran;4744742
TRX0076;08278675500;2023-09-20;Angsuran;1558883
TRX0077;08331959531;2023-11-14;Pinjaman;13681002
TRX0078;08595025706;2024-10-18;Setor;1280899
TRX0079;08657335042;2025-04-11;Angsuran;2137703
TRX0080;08937434024;2024-08-15;Angsuran;1796488
TRX0081;08990898238;2025-04-21;Tarik;1777183
TRX0082;08332861014;2024-08-13;Pinjaman;8645587
TRX0083;08179642633;2024-10-06;Setor;3774899
TRX0084;08311197805;2025-01-12;Pinjaman;2382027
TRX0085;08291013312;2024-10-26;Pinjaman;8905922
TRX0086;08700064548;2023-08-08;Angsuran;2526949
TRX0087;08265255040;2025-04-04;Pinjaman;15450037
TRX0088;08504318927;2024-02-13;Tarik;329075
TRX0089;08413740415;2025-02-14;Angsuran;1149792
TRX0090;08331374819;2024-06-19;Tarik;387686
TRX0091;08485218582;2023-08-31;Setor;1593454
TRX0092;08548734793;2024-04-29;Tarik;2744843
TRX0093;08414669238;2024-11-03;Setor;865342
TRX0094;08913378597;2024-08-11;Angsuran;2794242
TRX0095;08407052323;2024-04-11;Angsuran;4644362
TRX0096;08595025706;2023-07-04;Pinjaman;2841115
TRX0097;08145234569;2024-05-10;Angsuran;4305084
TRX0098;08407052323;2024-12-27;Setor;334342
TRX0099;08920480729;2024-10-24;Tarik;135558
TRX0100;08775908653;2024-06-09;Pinjaman;3910137
TRX0101;08187855598;2023-11-24;Pinjaman;14300935
TRX0102;08138731238;2023-09-22;Setor;4583728
TRX0103;08333280669;2024-03-29;Angsuran;3685172
TRX0104;08204081927;2025-03-14;Angsuran;1122208
TRX0105;08865359515;2024-05-28;Tarik;1661042
TRX0106;08337778398;2024-05-18;Tarik;308144
TRX0107;08171443445;2024-11-07;Pinjaman;1539894
TRX0108;08920480729;2024-06-17;Setor;2656890
TRX0109;08331959531;2023-08-23;Setor;3099955
TRX0110;08337778398;2025-04-07;Tarik;961252
TRX0111;08545167025;2023-12-08;Pinjaman;15643853
TRX0112;08765120016;2023-07-24;Tarik;265803
TRX0113;08542158923;2023-09-17;Angsuran;1046252
TRX0114;08983380613;2025-05-04;Tarik;411701
TRX0115;08694758904;2024-07-01;Setor;1545341
TRX0116;08941927684;2023-07-27;Tarik;2631480
TRX0117;08628307022;2025-03-02;Setor;1216464
TRX0118;08700064548;2025-02-16;Angsuran;4296490
TRX0119;08904094505;2025-02-21;Setor;408390
TRX0120;08590611418;2025-03-26;Pinjaman;10888087
TRX0121;08148686482;2023-10-31;Setor;2402705
TRX0122;08376687417;2024-12-22;Pinjaman;13028376
TRX0123;08413740415;2024-07-30;Setor;457142
TRX0124;08142233460;2023-07-12;Tarik;2285497
TRX0125;08997270079;2023-09-22;Pinjaman;9848886
TRX0126;08545167025;2023-11-19;Tarik;2927116
TRX0127;08904094505;2023-09-27;Pinjaman;13683367
TRX0128;08778447911;2023-10-17;Setor;2845389
TRX0129;08941927684;2024-04-09;Setor;109212
TRX0130;08331959531;2023-10-15;Tarik;2373276
TRX0131;08420483260;2024-02-26;Angsuran;2299752
TRX0132;08694758904;2024-06-17;Pinjaman;7251186
TRX0133;08481782436;2023-06-18;Setor;1896282
TRX0134;08150041449;2025-04-12;Pinjaman;5483049
TRX0135;08605615293;2025-02-14;Setor;4038867
TRX0136;08383062286;2024-04-14;Setor;667696
TRX0137;08595025706;2023-08-25;Tarik;201293
TRX0138;08868233211;2024-04-06;Setor;2355832
TRX0139;08785209049;2024-10-16;Angsuran;2245804
TRX0140;08265255040;2024-02-27;Angsuran;3082676
TRX0141;08721686160;2024-05-04;Angsuran;1273120
TRX0142;08127786413;2024-11-15;Setor;2850741
TRX0143;08193124408;2024-05-28;Setor;701427
TRX0144;08542158923;2024-09-23;Angsuran;2022840
TRX0145;08169920310;2024-07-04;Pinjaman;11768269
TRX0146;08311197805;2024-10-07;Setor;1836703
TRX0147;08884207936;2023-08-29;Tarik;1678109
TRX0148;08904094505;2024-05-13;Pinjaman;19746562
TRX0149;08545167025;2023-09-30;Pinjaman;9022550
TRX0150;08127793400;2025-05-06;Pinjaman;12315888
TRX0151;08937497854;2025-04-22;Setor;3666506
TRX0152;08331959531;2024-09-16;Setor;4539137
TRX0153;08337778398;2024-03-13;Pinjaman;12167383
TRX0154;08414669238;2025-05-19;Setor;2842453
TRX0155;08333280669;2023-09-02;Setor;2585188
TRX0156;08169920310;2024-11-07;Setor;858813
TRX0157;08127786413;2024-07-08;Setor;4371650
TRX0158;08956718340;2023-09-27;Angsuran;1787715
TRX0159;08590611418;2023-10-14;Angsuran;883478
TRX0160;08204081927;2024-03-06;Tarik;2464454
TRX0161;08311197805;2023-09-12;Setor;726908
TRX0162;08383062286;2025-02-24;Angsuran;2816242
TRX0163;08414669238;2023-11-16;Angsuran;2121964
TRX0164;08187855598;2025-01-24;Setor;2909806
TRX0165;08148686482;2024-04-10;Angsuran;3492822
TRX0166;08109508978;2024-01-12;Setor;280836
TRX0167;08337778398;2023-11-12;Angsuran;926764
TRX0168;08488613178;2024-01-01;Tarik;1586263
TRX0169;08990898238;2025-05-19;Angsuran;2445493
TRX0170;08657335042;2023-07-04;Setor;2455233
TRX0171;08607643756;2024-05-15;Angsuran;3592387
TRX0172;08545167025;2023-07-07;Pinjaman;3719733
TRX0173;08694758904;2023-09-03;Pinjaman;18988012
TRX0174;08939552847;2024-01-04;Setor;3393285
TRX0175;08488613178;2024-05-15;Tarik;1887091
TRX0176;08451034052;2024-01-08;Setor;1175728
TRX0177;08548734793;2023-10-10;Pinjaman;4924018
TRX0178;08145234569;2023-07-03;Pinjaman;9500629
TRX0179;08127793400;2024-07-25;Setor;1034519
TRX0180;08138731238;2024-05-24;Setor;4409023
TRX0181;08210194604;2023-08-10;Tarik;2219160
TRX0182;08416418815;2025-02-21;Pinjaman;12401693
TRX0183;08807498984;2025-01-14;Pinjaman;17610455
TRX0184;08414669238;2024-10-29;Tarik;520547
TRX0185;08420483260;2023-12-01;Pinjaman;19249496
TRX0186;08595025706;2024-11-07;Tarik;507895
TRX0187;08865359515;2024-05-21;Tarik;2509014
TRX0188;08148686482;2024-07-15;Pinjaman;12079149
TRX0189;08142233460;2023-06-30;Angsuran;3540698
TRX0190;08990898238;2025-05-10;Tarik;826744
TRX0191;08983380613;2024-12-14;Pinjaman;16109007
TRX0192;08670186769;2024-12-02;Setor;4081663
TRX0193;08504318927;2023-08-15;Pinjaman;13424303
TRX0194;08413740415;2024-05-15;Tarik;1919499
TRX0195;08265255040;2025-01-13;Setor;701789
TRX0196;08253732628;2023-10-29;Pinjaman;7034610
TRX0197;08488613178;2024-05-09;Tarik;493282
TRX0198;08807498984;2024-10-13;Tarik;680626
TRX0199;08953430023;2025-01-27;Setor;165971
TRX0200;08818768160;2025-01-03;Tarik;1564628
TRX0201;08193124408;2024-09-03;Pinjaman;14506831
TRX0202;08278675500;2024-04-13;Angsuran;893617
TRX0203;08941927684;2024-05-06;Tarik;1182761
TRX0204;08953430023;2023-12-23;Setor;3521174
TRX0205;08792367626;2024-12-16;Setor;1989971
TRX0206;08437386797;2025-03-05;Pinjaman;15517695
TRX0207;08713720504;2024-06-03;Setor;4818210
TRX0208;08775908653;2023-06-23;Angsuran;4273979
TRX0209;08920480729;2024-04-07;Tarik;1470068
TRX0210;08193124408;2024-11-09;Angsuran;3915674
TRX0211;08983380613;2025-06-10;Setor;488839
TRX0212;08670186769;2024-11-25;Angsuran;3113490
TRX0213;08713720504;2023-07-10;Setor;3052835
TRX0214;08331581844;2025-04-02;Pinjaman;17961218
TRX0215;08413740415;2025-04-27;Setor;2646290
TRX0216;08937434024;2023-07-24;Tarik;993126
TRX0217;08694758904;2024-06-18;Setor;2543509
TRX0218;08407052323;2024-01-18;Setor;2235242
TRX0219;08542158923;2024-09-02;Pinjaman;5322256
TRX0220;08332861014;2024-09-24;Setor;1526905
TRX0221;08489788839;2024-11-07;Angsuran;2974507
TRX0222;08414669238;2024-09-28;Pinjaman;6067059
TRX0223;08193124408;2023-08-28;Pinjaman;16194562
TRX0224;08473500388;2025-04-30;Setor;801759
TRX0225;08778447911;2024-08-23;Setor;2683165
TRX0226;08806665426;2023-10-11;Angsuran;762657
TRX0227;08806665426;2024-07-06;Tarik;1760007
TRX0228;08617106153;2024-10-22;Angsuran;3372105
TRX0229;08452094892;2024-07-05;Tarik;1222056
TRX0230;08121361502;2023-08-04;Setor;3890848
TRX0231;08785209049;2024-12-10;Pinjaman;17968831
TRX0232;08138731238;2025-03-04;Pinjaman;15637926
TRX0233;08331374819;2025-04-27;Angsuran;4139230
TRX0234;08944917052;2024-08-20;Setor;334732
TRX0235;08605615293;2024-02-20;Setor;3526983
TRX0236;08331959531;2024-11-13;Angsuran;1572281
TRX0237;08670186769;2025-05-05;Setor;186029
TRX0238;08437386797;2024-09-10;Tarik;2382989
TRX0239;08110186335;2023-12-07;Pinjaman;6860470
TRX0240;08595025706;2023-12-09;Pinjaman;13463202
TRX0241;08868233211;2025-01-22;Pinjaman;8983710
TRX0242;08420483260;2023-08-15;Pinjaman;17772419
TRX0243;08617106153;2025-02-21;Angsuran;4581485
TRX0244;08142233460;2024-03-24;Setor;2573008
TRX0245;08595025706;2025-01-16;Angsuran;1151270
TRX0246;08792367626;2024-02-21;Tarik;800531
TRX0247;08713720504;2024-08-10;Tarik;497058
TRX0248;08180244279;2023-11-15;Tarik;1312482
TRX0249;08127786413;2023-07-31;Angsuran;4887221
TRX0250;08956718340;2023-06-22;Setor;1659990
TRX0251;08953430023;2023-12-29;Setor;2991786
TRX0252;08179642633;2024-10-29;Tarik;1454193
TRX0253;08420483260;2024-06-17;Pinjaman;6519222
TRX0254;08548734793;2024-05-06;Tarik;187567
TRX0255;08278675500;2024-09-21;Setor;1125349
TRX0256;08413740415;2024-11-21;Tarik;2877960
TRX0257;08721686160;2023-08-02;Setor;1266965
TRX0258;08150041449;2024-03-14;Angsuran;2818726
TRX0259;08997270079;2024-08-07;Angsuran;3934692
TRX0260;08975415631;2023-06-30;Pinjaman;6202437
TRX0261;08807079681;2023-08-02;Tarik;2466144
TRX0262;08109508978;2024-12-05;Tarik;525600
TRX0263;08169920310;2024-06-17;Angsuran;4042204
TRX0264;08437386797;2024-06-16;Pinjaman;17957539
TRX0265;08383062286;2024-01-17;Setor;1942484
TRX0266;08694758904;2024-02-13;Tarik;2372564
TRX0267;08127793400;2023-10-12;Pinjaman;4411895
TRX0268;08110186335;2024-11-19;Angsuran;3367859
TRX0269;08725198907;2024-08-27;Angsuran;3498294
TRX0270;08605615293;2024-04-16;Angsuran;3529212
TRX0271;08545167025;2023-11-28;Angsuran;1277057
TRX0272;08485218582;2024-11-29;Pinjaman;16501772
TRX0273;08311197805;2023-07-18;Angsuran;4057196
TRX0274;08331581844;2024-12-29;Pinjaman;19569232
TRX0275;08990898238;2024-04-28;Setor;4565937
TRX0276;08187855598;2024-10-08;Angsuran;3868072
TRX0277;08765120016;2024-03-06;Angsuran;2512441
TRX0278;08694758904;2023-06-20;Tarik;1967049
TRX0279;08904094505;2023-10-28;Angsuran;2752806
TRX0280;08331374819;2025-06-08;Angsuran;4743404
TRX0281;08628307022;2024-04-05;Tarik;1582479
TRX0282;08193124408;2025-01-19;Pinjaman;16066604
TRX0283;08142233460;2024-07-14;Setor;231051
TRX0284;08363666272;2025-02-16;Angsuran;2417854
TRX0285;08337778398;2024-06-01;Setor;2965496
TRX0286;08545167025;2023-10-31;Tarik;2151422
TRX0287;08420483260;2024-07-08;Angsuran;3040216
TRX0288;08806665426;2025-01-24;Angsuran;2645913
TRX0289;08204081927;2024-08-23;Tarik;855743
TRX0290;08865359515;2024-10-25;Setor;1946504
TRX0291;08162311663;2024-09-17;Setor;4958875
TRX0292;08545167025;2024-04-19;Tarik;2288460
TRX0293;08868233211;2024-05-02;Angsuran;1791403
TRX0294;08990898238;2025-03-07;Setor;1670407
TRX0295;08416418815;2023-11-13;Tarik;621335
TRX0296;08904094505;2025-03-22;Pinjaman;2057635
TRX0297;08437386797;2024-08-24;Tarik;1789029
TRX0298;08785209049;2024-07-08;Setor;3926969
TRX0299;08983380613;2025-04-02;Setor;894090
TRX0300;08150041449;2024-10-05;Angsuran;4743003
TRX0301;08142233460;2024-07-17;Tarik;1222983
TRX0302;08407052323;2023-07-05;Setor;2914225
TRX0303;08291013312;2025-02-14;Tarik;604284
TRX0304;08451034052;2024-05-14;Pinjaman;1215487
TRX0305;08904094505;2025-05-01;Pinjaman;16185551
TRX0306;08193124408;2024-09-18;Tarik;1904863
TRX0307;08944917052;2024-04-25;Pinjaman;18052225
TRX0308;08983380613;2023-10-09;Tarik;2814022
TRX0309;08331581844;2023-12-04;Setor;180202
TRX0310;08265255040;2024-05-02;Tarik;1676820
TRX0311;08331959531;2024-12-11;Angsuran;2859754
TRX0312;08169920310;2025-06-08;Tarik;1050719
TRX0313;08253732628;2024-12-18;Tarik;2454929
TRX0314;08694758904;2023-09-07;Tarik;1810123
TRX0315;08332861014;2024-03-08;Angsuran;4353470
TRX0316;08452094892;2023-09-10;Setor;3450520
TRX0317;08298657148;2024-05-21;Tarik;358409
TRX0318;08145234569;2023-07-09;Pinjaman;1123566
TRX0319;08127786413;2025-01-10;Setor;3727778
TRX0320;08792367626;2023-12-02;Pinjaman;4056373
TRX0321;08413740415;2024-01-02;Angsuran;1538210
TRX0322;08407052323;2024-08-02;Angsuran;1257004
TRX0323;08109494275;2023-06-26;Setor;4189529
TRX0324;08187855598;2024-08-04;Angsuran;3952110
TRX0325;08595025706;2023-09-09;Angsuran;2465963
TRX0326;08148686482;2023-11-06;Pinjaman;10262388
TRX0327;08990898238;2024-12-29;Setor;4352333
TRX0328;08333280669;2023-08-29;Pinjaman;3813863
TRX0329;08109508978;2025-05-09;Pinjaman;11179443
TRX0330;08983380613;2023-06-15;Setor;1199686
TRX0331;08437386797;2023-12-02;Angsuran;3432366
TRX0332;08765120016;2025-02-13;Pinjaman;7108330
TRX0333;08953430023;2023-08-30;Angsuran;3406396
TRX0334;08975415631;2024-04-13;Tarik;2934201
TRX0335;08937434024;2024-07-14;Pinjaman;2408254
TRX0336;08694758904;2023-09-29;Pinjaman;13888271
TRX0337;08997270079;2024-09-21;Setor;1213528
TRX0338;08937734400;2023-07-11;Tarik;1541514
TRX0339;08109494275;2024-11-27;Tarik;2777440
TRX0340;08865359515;2024-09-05;Pinjaman;9827006
TRX0341;08700064548;2024-07-25;Pinjaman;1903272
TRX0342;08545167025;2024-10-12;Angsuran;3482745
TRX0343;08413740415;2024-01-18;Setor;4999567
TRX0344;08713720504;2025-02-06;Pinjaman;6308536
TRX0345;08179642633;2024-03-18;Setor;3846956
TRX0346;08337778398;2024-07-26;Setor;2668208
TRX0347;08117276617;2024-07-03;Angsuran;574033
TRX0348;08807079681;2023-08-21;Angsuran;4385274
TRX0349;08941927684;2024-06-29;Angsuran;4563110
TRX0350;08332861014;2025-05-19;Tarik;2181822
TRX0351;08473500388;2023-08-17;Pinjaman;17416687
TRX0352;08148686482;2024-11-26;Angsuran;3772978
TRX0353;08721686160;2023-07-02;Setor;324953
TRX0354;08127786413;2024-08-24;Pinjaman;6772697
TRX0355;08331581844;2024-06-12;Setor;267714
TRX0356;08332861014;2024-04-30;Pinjaman;18804400
TRX0357;08485218582;2024-04-05;Angsuran;2389636
TRX0358;08824412296;2023-08-02;Angsuran;1478078
TRX0359;08941927684;2024-05-12;Pinjaman;5490563
TRX0360;08109494275;2024-06-29;Setor;603341
TRX0361;08944917052;2023-07-26;Tarik;718224
TRX0362;08884207936;2024-06-04;Pinjaman;19182142
TRX0363;08548734793;2024-08-31;Pinjaman;5952203
TRX0364;08904094505;2023-12-21;Angsuran;702868
TRX0365;08628307022;2024-01-28;Pinjaman;17869310
TRX0366;08331374819;2024-03-31;Pinjaman;15027044
TRX0367;08944917052;2024-03-13;Angsuran;3222808
TRX0368;08913378597;2024-07-01;Setor;2383497
TRX0369;08451034052;2024-02-10;Setor;2713892
TRX0370;08824412296;2023-10-08;Angsuran;3358383
TRX0371;08690877164;2025-01-16;Angsuran;2587365
TRX0372;08657335042;2023-11-23;Setor;838148
TRX0373;08332861014;2023-06-22;Tarik;1588937
TRX0374;08117276617;2023-08-20;Angsuran;3675560
TRX0375;08937434024;2025-05-31;Angsuran;3437331
TRX0376;08937497854;2023-08-21;Tarik;1848565
TRX0377;08332861014;2024-07-15;Angsuran;3965964
TRX0378;08333280669;2024-05-22;Pinjaman;6757928
TRX0379;08807079681;2023-10-15;Pinjaman;3542218
TRX0380;08990898238;2025-04-05;Angsuran;3552258
TRX0381;08437386797;2025-02-12;Tarik;2516568
TRX0382;08939552847;2024-08-15;Angsuran;2236074
TRX0383;08333280669;2023-10-02;Angsuran;4570692
TRX0384;08414669238;2024-06-29;Angsuran;2780863
TRX0385;08725198907;2024-01-09;Angsuran;4751882
TRX0386;08150041449;2024-04-03;Angsuran;3508535
TRX0387;08937497854;2023-10-02;Setor;1780188
TRX0388;08775908653;2024-08-27;Pinjaman;15469741
TRX0389;08145234569;2024-06-24;Tarik;1569496
TRX0390;08337778398;2024-05-31;Angsuran;4680600
TRX0391;08953430023;2024-08-03;Angsuran;2178365
TRX0392;08413740415;2023-08-11;Setor;1433303
TRX0393;08807498984;2024-05-08;Angsuran;4199561
TRX0394;08437386797;2023-10-15;Setor;3867752
TRX0395;08721686160;2024-08-17;Setor;4329434
TRX0396;08775908653;2023-11-12;Tarik;2635788
TRX0397;08278675500;2023-08-11;Pinjaman;18284905
TRX0398;08545167025;2025-05-13;Tarik;1427513
TRX0399;08944917052;2024-11-27;Setor;1167844
TRX0400;08331581844;2024-11-28;Tarik;144042
TRX0401;08413740415;2023-12-09;Tarik;1498908
TRX0402;08481782436;2023-11-10;Setor;3249933
TRX0403;08488613178;2025-02-28;Angsuran;3317864
TRX0404;08545167025;2024-06-05;Setor;2124852
TRX0405;08775908653;2024-06-16;Pinjaman;17146430
TRX0406;08944917052;2024-06-10;Pinjaman;1471254
TRX0407;08807079681;2024-12-20;Setor;4813906
TRX0408;08179642633;2024-01-09;Angsuran;4405470
TRX0409;08413740415;2025-05-11;Angsuran;4140693
TRX0410;08179642633;2023-12-30;Setor;1336306
TRX0411;08765120016;2024-10-22;Setor;3471048
TRX0412;08904094505;2024-09-06;Pinjaman;9257043
TRX0413;08868233211;2023-08-13;Pinjaman;12296531
TRX0414;08109508978;2025-03-29;Tarik;1708385
TRX0415;08145234569;2025-01-01;Angsuran;3927928
TRX0416;08700064548;2024-09-27;Tarik;2736619
TRX0417;08975415631;2024-02-07;Angsuran;3750305
TRX0418;08383062286;2023-11-05;Tarik;2971044
TRX0419;08376687417;2023-10-30;Angsuran;1793031
TRX0420;08333280669;2025-02-24;Tarik;1191028
TRX0421;08142233460;2025-04-17;Pinjaman;2273738
TRX0422;08420483260;2024-05-17;Pinjaman;7287965
TRX0423;08590611418;2024-02-23;Setor;4401847
TRX0424;08363666272;2024-03-14;Pinjaman;10741550
TRX0425;08617106153;2024-04-19;Pinjaman;3737208
TRX0426;08700064548;2024-01-07;Pinjaman;4132028
TRX0427;08162311663;2024-05-28;Pinjaman;19764660
TRX0428;08694758904;2025-02-20;Setor;3720648
TRX0429;08333280669;2025-05-03;Angsuran;874559
TRX0430;08542158923;2025-05-12;Angsuran;1360395
TRX0431;08210194604;2024-12-22;Angsuran;4480547
TRX0432;08700064548;2025-02-28;Angsuran;3618547
TRX0433;08865359515;2023-06-29;Pinjaman;4856878
TRX0434;08937497854;2023-06-27;Setor;3197000
TRX0435;08437386797;2025-02-12;Tarik;1878076
TRX0436;08291013312;2024-12-16;Tarik;1901489
TRX0437;08670186769;2024-04-02;Setor;3765262
TRX0438;08504318927;2024-06-22;Setor;4030705
TRX0439;08548734793;2023-09-03;Setor;2623123
TRX0440;08778447911;2024-05-31;Angsuran;1210297
TRX0441;08595025706;2024-04-23;Setor;1956869
TRX0442;08690877164;2025-05-21;Setor;4634999
TRX0443;08142233460;2024-09-24;Pinjaman;18851793
TRX0444;08452094892;2023-06-27;Tarik;294862
TRX0445;08806665426;2024-01-08;Pinjaman;5244001
TRX0446;08332861014;2024-11-13;Angsuran;3505835
TRX0447;08451034052;2024-11-08;Tarik;2051489
TRX0448;08920480729;2023-08-17;Angsuran;1140346
TRX0449;08473500388;2025-01-15;Angsuran;2432917
TRX0450;08331581844;2025-03-05;Angsuran;1507835
TRX0451;08452094892;2024-10-06;Tarik;2797456
TRX0452;08807498984;2023-08-17;Setor;2736672
TRX0453;08937434024;2023-07-02;Angsuran;3853992
TRX0454;08481782436;2024-01-25;Tarik;1492189
TRX0455;08437386797;2024-09-22;Setor;2176996
TRX0456;08824412296;2024-05-15;Pinjaman;17118016
TRX0457;08488613178;2024-09-08;Tarik;2250062
TRX0458;08452094892;2024-02-10;Setor;1475524
TRX0459;08333280669;2024-10-15;Pinjaman;18171517
TRX0460;08937434024;2023-06-14;Tarik;131525
TRX0461;08117276617;2023-07-19;Tarik;690639
TRX0462;08109494275;2024-09-29;Angsuran;627421
TRX0463;08333280669;2023-11-29;Setor;1614130
TRX0464;08605615293;2025-04-28;Pinjaman;5338938
TRX0465;08210194604;2025-01-11;Tarik;1169302
TRX0466;08607643756;2024-06-04;Pinjaman;11426910
TRX0467;08376687417;2024-08-22;Angsuran;4045831
TRX0468;08193124408;2025-04-11;Angsuran;3376474
TRX0469;08193124408;2024-10-26;Angsuran;1979354
TRX0470;08265255040;2023-11-26;Setor;758844
TRX0471;08193124408;2024-07-18;Pinjaman;8820980
TRX0472;08953430023;2023-12-06;Pinjaman;13722775
TRX0473;08193124408;2024-10-01;Pinjaman;15664977
TRX0474;08721686160;2023-08-16;Setor;3185465
TRX0475;08785209049;2024-11-03;Tarik;1766351
TRX0476;08169920310;2025-03-01;Setor;1447342
TRX0477;08785209049;2024-11-08;Angsuran;2965841
TRX0478;08121361502;2024-10-19;Angsuran;2801774
TRX0479;08193124408;2025-04-29;Pinjaman;19888343
TRX0480;08148686482;2023-07-28;Setor;3277425
TRX0481;08997270079;2024-05-11;Angsuran;3596131
TRX0482;08775908653;2023-12-30;Setor;1785042
TRX0483;08884207936;2024-06-05;Tarik;2978234
TRX0484;08204081927;2024-03-27;Pinjaman;12827829
TRX0485;08884207936;2024-03-26;Angsuran;2918306
TRX0486;08187855598;2024-06-07;Tarik;814507
TRX0487;08694758904;2024-08-17;Tarik;2700593
TRX0488;08291013312;2024-07-23;Setor;2335485
TRX0489;08775908653;2024-11-28;Setor;1660201
TRX0490;08778447911;2024-10-15;Tarik;747398
TRX0491;08628307022;2023-10-11;Setor;4502410
TRX0492;08145234569;2024-01-23;Tarik;1062424
TRX0493;08806665426;2024-09-06;Tarik;1378241
TRX0494;08210194604;2024-12-09;Pinjaman;16384195
TRX0495;08210194604;2023-11-01;Pinjaman;11988641
TRX0496;08657335042;2023-07-22;Angsuran;2772379
TRX0497;08920480729;2024-02-27;Pinjaman;5798076
TRX0498;08920480729;2024-05-05;Setor;4296264
TRX0499;08145234569;2024-01-17;Pinjaman;12182068
TRX0500;08605615293;2023-09-11;Pinjaman;1106212
TRX0501;08605615293;2023-12-23;Tarik;2009413
TRX0502;08725198907;2023-06-15;Pinjaman;17307398
TRX0503;08941927684;2025-05-10;Setor;4677577
TRX0504;08180244279;2024-10-16;Pinjaman;6155805
TRX0505;08193124408;2023-11-30;Tarik;1913646
TRX0506;08291013312;2024-05-23;Tarik;2882424
TRX0507;08725198907;2025-02-28;Pinjaman;16714253
TRX0508;08204081927;2024-12-07;Pinjaman;18830507
TRX0509;08807079681;2025-04-11;Tarik;394588
TRX0510;08148686482;2024-07-25;Tarik;1774141
TRX0511;08265255040;2024-04-03;Angsuran;577136
TRX0512;08311197805;2023-10-08;Pinjaman;10388107
TRX0513;08488613178;2024-09-17;Setor;1609968
TRX0514;08842002387;2024-10-19;Setor;1335101
TRX0515;08542158923;2023-11-06;Setor;1477204
TRX0516;08904094505;2024-06-29;Angsuran;1570475
TRX0517;08488613178;2024-08-31;Tarik;1948722
TRX0518;08765120016;2024-03-27;Setor;4961018
TRX0519;08311197805;2024-12-23;Angsuran;2138468
TRX0520;08101597645;2023-11-01;Setor;4114645
TRX0521;08363666272;2023-11-26;Setor;2639377
TRX0522;08332861014;2024-10-06;Angsuran;1669090
TRX0523;08109508978;2024-12-29;Pinjaman;8258041
TRX0524;08670186769;2023-06-18;Angsuran;4620059
TRX0525;08901212017;2023-10-14;Angsuran;4454492
TRX0526;08127786413;2024-05-25;Tarik;1438556
TRX0527;08939552847;2023-11-28;Angsuran;4306249
TRX0528;08265255040;2024-10-01;Tarik;844510
TRX0529;08331581844;2023-12-25;Setor;1651234
TRX0530;08451034052;2024-03-16;Setor;498150
TRX0531;08953430023;2023-09-04;Tarik;1550900
TRX0532;08842002387;2025-04-23;Tarik;2434947
TRX0533;08670186769;2025-06-08;Setor;908781
TRX0534;08884207936;2023-06-23;Angsuran;3285051
TRX0535;08127793400;2025-06-09;Pinjaman;19175165
TRX0536;08291013312;2024-03-01;Pinjaman;17740803
TRX0537;08337778398;2025-02-14;Pinjaman;17956142
TRX0538;08865359515;2023-10-18;Setor;1178536
TRX0539;08121361502;2024-02-19;Angsuran;966890
TRX0540;08884207936;2024-03-08;Setor;1259481
TRX0541;08806665426;2024-04-13;Angsuran;2185863
TRX0542;08990898238;2023-12-01;Pinjaman;8498496
TRX0543;08628307022;2024-01-18;Pinjaman;9660680
TRX0544;08210194604;2024-06-20;Setor;3215747
TRX0545;08363666272;2025-01-23;Angsuran;1114391
TRX0546;08937497854;2025-03-29;Angsuran;2248975
TRX0547;08210194604;2024-06-26;Setor;534892
TRX0548;08504318927;2024-04-08;Setor;3207033
TRX0549;08913378597;2024-11-12;Angsuran;4011703
TRX0550;08162311663;2024-06-26;Tarik;1531821
TRX0551;08169920310;2023-08-03;Pinjaman;11622201
TRX0552;08337778398;2024-12-28;Angsuran;3124102
TRX0553;08778447911;2023-09-12;Setor;2553751
TRX0554;08990898238;2023-12-05;Pinjaman;11446195
TRX0555;08416418815;2025-01-18;Tarik;1042234
TRX0556;08785209049;2023-06-15;Setor;4887310
TRX0557;08117276617;2024-12-27;Angsuran;1175245
TRX0558;08700064548;2024-09-30;Setor;4290461
TRX0559;08363666272;2024-12-26;Angsuran;2597804
TRX0560;08765120016;2023-06-22;Angsuran;2309803
TRX0561;08670186769;2025-03-11;Setor;2065887
TRX0562;08775908653;2023-09-02;Pinjaman;18692829
TRX0563;08485218582;2025-03-22;Angsuran;3427924
TRX0564;08488613178;2024-02-16;Pinjaman;4821232
TRX0565;08937434024;2025-02-02;Tarik;2522038
TRX0566;08983380613;2023-08-22;Setor;2137102
TRX0567;08101597645;2024-11-17;Setor;1597816
TRX0568;08700064548;2025-05-17;Angsuran;4974999
TRX0569;08489788839;2024-08-30;Tarik;1904994
TRX0570;08937497854;2024-04-08;Pinjaman;3131607
TRX0571;08332861014;2024-10-25;Pinjaman;19401092
TRX0572;08407052323;2024-01-26;Tarik;768029
TRX0573;08997270079;2024-06-07;Angsuran;1575394
TRX0574;08148686482;2024-12-04;Tarik;1537665
TRX0575;08331581844;2024-03-28;Angsuran;4317341
TRX0576;08670186769;2023-08-28;Tarik;1096041
TRX0577;08142233460;2024-03-26;Tarik;121745
TRX0578;08868233211;2024-09-14;Setor;1440966
TRX0579;08101597645;2025-03-07;Pinjaman;3337322
TRX0580;08138731238;2023-08-14;Tarik;1713132
TRX0581;08291013312;2024-02-12;Angsuran;4610203
TRX0582;08452094892;2024-08-31;Setor;2530857
TRX0583;08807079681;2025-03-15;Pinjaman;10588923
TRX0584;08884207936;2023-11-09;Tarik;2418305
TRX0585;08865359515;2024-10-23;Pinjaman;14323453
TRX0586;08101597645;2024-02-14;Setor;2686512
TRX0587;08451034052;2025-03-25;Angsuran;506923
TRX0588;08150041449;2025-06-02;Pinjaman;16264154
TRX0589;08990898238;2023-08-10;Tarik;2018431
TRX0590;08180244279;2023-10-23;Pinjaman;12526399
TRX0591;08939552847;2024-08-07;Pinjaman;2874513
TRX0592;08117276617;2024-12-14;Pinjaman;4971790
TRX0593;08542158923;2024-10-02;Tarik;2077635
TRX0594;08210194604;2024-11-27;Tarik;1528027
TRX0595;08865359515;2024-01-16;Setor;441172
TRX0596;08937497854;2025-02-06;Setor;786679
TRX0597;08204081927;2023-09-26;Angsuran;1323241
TRX0598;08171443445;2025-02-26;Tarik;2124444
TRX0599;08127793400;2024-11-28;Tarik;2397034
TRX0600;08383062286;2024-08-26;Tarik;1409981
TRX0601;08607643756;2024-09-02;Tarik;2826378
TRX0602;08868233211;2023-07-07;Tarik;2009876
TRX0603;08420483260;2024-11-07;Tarik;2022105
TRX0604;08150041449;2025-02-18;Angsuran;2679135
TRX0605;08148686482;2024-06-26;Setor;2451113
TRX0606;08204081927;2023-10-19;Angsuran;4032738
TRX0607;08657335042;2023-09-27;Pinjaman;15270875
TRX0608;08162311663;2025-01-07;Setor;4712100
TRX0609;08171443445;2024-07-08;Tarik;742327
TRX0610;08416418815;2024-03-19;Angsuran;2589498
TRX0611;08807498984;2024-03-19;Tarik;2763831
TRX0612;08775908653;2023-12-06;Tarik;661246
TRX0613;08868233211;2024-01-08;Tarik;1110281
TRX0614;08109494275;2024-01-27;Tarik;508389
TRX0615;08617106153;2024-07-22;Tarik;1354080
TRX0616;08785209049;2025-03-19;Angsuran;2945514
TRX0617;08363666272;2025-04-16;Setor;821256
TRX0618;08162311663;2023-07-05;Tarik;1070588
TRX0619;08775908653;2025-05-04;Setor;2629695
TRX0620;08937434024;2024-12-19;Pinjaman;13330107
TRX0621;08127793400;2024-06-22;Tarik;1358851
TRX0622;08481782436;2023-09-14;Tarik;1783849
TRX0623;08331581844;2023-09-13;Angsuran;2072961
TRX0624;08785209049;2024-05-02;Pinjaman;2743995
TRX0625;08617106153;2024-11-04;Setor;4421746
TRX0626;08150041449;2025-02-05;Pinjaman;13013267
TRX0627;08291013312;2023-09-15;Pinjaman;1593249
TRX0628;08138731238;2023-07-09;Setor;3703656
TRX0629;08253732628;2024-07-02;Setor;836715
TRX0630;08941927684;2025-06-05;Setor;4385948
TRX0631;08473500388;2023-09-05;Angsuran;2823508
TRX0632;08690877164;2024-05-26;Tarik;184290
TRX0633;08473500388;2025-05-07;Setor;2483793
TRX0634;08363666272;2024-09-27;Angsuran;3100419
TRX0635;08605615293;2024-01-19;Pinjaman;5179932
TRX0636;08420483260;2024-12-23;Pinjaman;17381792
TRX0637;08193124408;2024-05-07;Pinjaman;7745334
TRX0638;08278675500;2025-05-10;Pinjaman;15069265
TRX0639;08485218582;2023-10-08;Pinjaman;19619771
TRX0640;08868233211;2025-01-01;Setor;670767
TRX0641;08607643756;2024-02-13;Angsuran;2350742
TRX0642;08278675500;2024-03-24;Pinjaman;3639592
TRX0643;08904094505;2023-09-01;Tarik;1281850
TRX0644;08904094505;2024-03-13;Angsuran;1889143
TRX0645;08605615293;2024-10-18;Pinjaman;19530190
TRX0646;08617106153;2025-04-12;Pinjaman;11311239
TRX0647;08807079681;2024-08-06;Tarik;505282
TRX0648;08937497854;2024-12-06;Angsuran;3083690
TRX0649;08110186335;2023-09-13;Setor;4854311
TRX0650;08204081927;2025-06-12;Tarik;2365690
TRX0651;08193124408;2024-06-26;Pinjaman;15242564
TRX0652;08775908653;2024-08-01;Angsuran;1831231
TRX0653;08488613178;2023-07-08;Pinjaman;7780359
TRX0654;08956718340;2025-03-15;Pinjaman;16272848
TRX0655;08721686160;2024-11-13;Angsuran;1875050
TRX0656;08413740415;2024-11-02;Tarik;2076695
TRX0657;08785209049;2023-12-08;Pinjaman;14025018
TRX0658;08407052323;2024-11-30;Angsuran;1962266
TRX0659;08590611418;2025-06-03;Setor;1191054
TRX0660;08298657148;2025-02-19;Pinjaman;15664121
TRX0661;08865359515;2023-06-29;Tarik;2546371
TRX0662;08127793400;2024-09-25;Angsuran;1838900
TRX0663;08700064548;2023-10-11;Setor;1481743
TRX0664;08383062286;2023-10-02;Angsuran;3787526
TRX0665;08901212017;2025-04-08;Tarik;1470439
TRX0666;08840861921;2025-01-22;Setor;2416825
TRX0667;08337778398;2024-09-20;Angsuran;2408178
TRX0668;08590611418;2024-06-06;Angsuran;3598498
TRX0669;08332861014;2024-04-08;Tarik;1603349
TRX0670;08778447911;2023-07-28;Tarik;2715468
TRX0671;08149085263;2025-03-30;Angsuran;2023417
TRX0672;08990898238;2024-02-27;Tarik;635659
TRX0673;08413740415;2024-05-17;Pinjaman;15783200
TRX0674;08150041449;2024-02-18;Pinjaman;17537847
TRX0675;08437386797;2024-06-17;Angsuran;2379781
TRX0676;08953430023;2024-07-07;Pinjaman;7554044
TRX0677;08983380613;2023-08-13;Tarik;427134
TRX0678;08690877164;2024-12-19;Tarik;2435494
TRX0679;08169920310;2023-12-18;Setor;777126
TRX0680;08187855598;2024-05-10;Angsuran;4573709
TRX0681;08331959531;2025-04-04;Tarik;2186180
TRX0682;08884207936;2025-01-10;Tarik;2618489
TRX0683;08939552847;2024-04-17;Pinjaman;4965380
TRX0684;08127793400;2024-05-13;Tarik;1143193
TRX0685;08721686160;2024-08-13;Setor;4906611
TRX0686;08607643756;2024-10-19;Tarik;2336503
TRX0687;08169920310;2023-09-27;Pinjaman;11095453
TRX0688;08416418815;2024-09-23;Pinjaman;15539552
TRX0689;08121361502;2023-07-08;Pinjaman;14899609
TRX0690;08975415631;2024-11-27;Pinjaman;8609323
TRX0691;08169920310;2024-03-19;Setor;4021530
TRX0692;08595025706;2024-03-13;Setor;4945006
TRX0693;08721686160;2025-06-13;Tarik;2190376
TRX0694;08807079681;2024-08-06;Pinjaman;15472057
TRX0695;08865359515;2023-12-29;Setor;4693403
TRX0696;08142233460;2024-01-12;Pinjaman;8227950
TRX0697;08548734793;2025-01-02;Setor;2288149
TRX0698;08713720504;2025-01-25;Setor;1437061
TRX0699;08868233211;2024-04-10;Angsuran;2417482
TRX0700;08548734793;2024-12-19;Tarik;1664006
TRX0701;08806665426;2024-03-23;Tarik;957080
TRX0702;08193124408;2024-10-26;Pinjaman;18298792
TRX0703;08725198907;2024-06-18;Tarik;791943
TRX0704;08488613178;2024-08-02;Tarik;1004696
TRX0705;08865359515;2025-03-03;Angsuran;2501727
TRX0706;08806665426;2024-02-01;Tarik;148564
TRX0707;08363666272;2023-09-13;Tarik;2366340
TRX0708;08413740415;2024-09-03;Pinjaman;16844170
TRX0709;08407052323;2024-04-29;Tarik;1253713
TRX0710;08204081927;2024-01-11;Angsuran;1438859
TRX0711;08121361502;2024-03-31;Pinjaman;18287169
TRX0712;08904094505;2025-02-17;Pinjaman;5535397
TRX0713;08413740415;2023-08-06;Pinjaman;7671653
TRX0714;08690877164;2025-05-21;Tarik;966800
TRX0715;08590611418;2023-11-23;Pinjaman;12855799
TRX0716;08109494275;2023-07-10;Setor;1889771
TRX0717;08542158923;2025-03-26;Tarik;238552
TRX0718;08504318927;2024-03-22;Tarik;1371385
TRX0719;08149085263;2023-11-09;Setor;4606962
TRX0720;08807498984;2025-04-20;Pinjaman;10263682
TRX0721;08210194604;2024-01-27;Tarik;480487
TRX0722;08138731238;2023-12-01;Tarik;2237547
TRX0723;08109508978;2024-08-21;Setor;2262421
TRX0724;08904094505;2024-09-12;Tarik;724262
TRX0725;08504318927;2024-04-15;Angsuran;3451857
TRX0726;08990898238;2025-05-13;Setor;598187
TRX0727;08792367626;2024-01-27;Angsuran;3828768
TRX0728;08138731238;2024-01-10;Setor;4202110
TRX0729;08542158923;2024-08-02;Setor;122825
TRX0730;08939552847;2025-01-14;Angsuran;1482355
TRX0731;08690877164;2023-12-19;Angsuran;2151510
TRX0732;08807079681;2023-09-08;Pinjaman;1475047
TRX0733;08721686160;2023-07-30;Pinjaman;16892796
TRX0734;08542158923;2023-11-30;Tarik;2176649
TRX0735;08953430023;2023-11-24;Pinjaman;3179781
TRX0736;08607643756;2024-11-03;Angsuran;2726635
TRX0737;08171443445;2025-03-02;Angsuran;3130576
TRX0738;08333280669;2024-05-29;Tarik;2481003
TRX0739;08944917052;2024-11-17;Setor;1261690
TRX0740;08416418815;2025-05-28;Setor;3219468
TRX0741;08807498984;2024-01-02;Setor;4328372
TRX0742;08824412296;2024-08-27;Pinjaman;17305500
TRX0743;08806665426;2024-06-21;Pinjaman;18011984
TRX0744;08670186769;2025-05-03;Tarik;2933728
TRX0745;08109508978;2024-03-06;Tarik;2572227
TRX0746;08792367626;2024-04-22;Tarik;1670749
TRX0747;08333280669;2023-07-26;Setor;944703
TRX0748;08607643756;2025-03-19;Pinjaman;7957047
TRX0749;08868233211;2024-04-25;Angsuran;1065964
TRX0750;08842002387;2023-07-22;Pinjaman;9730366
TRX0751;08291013312;2024-07-11;Setor;4626720
TRX0752;08489788839;2024-09-26;Angsuran;3168920
TRX0753;08162311663;2023-07-22;Pinjaman;8289856
TRX0754;08337778398;2024-07-05;Setor;3436028
TRX0755;08775908653;2025-06-03;Tarik;2124428
TRX0756;08868233211;2024-06-12;Angsuran;3532638
TRX0757;08721686160;2024-01-15;Setor;1635955
TRX0758;08595025706;2025-01-14;Tarik;1833447
TRX0759;08595025706;2025-04-22;Pinjaman;10714384
TRX0760;08101597645;2023-07-20;Angsuran;3736929
TRX0761;08127793400;2024-08-01;Pinjaman;13291864
TRX0762;08721686160;2024-08-22;Pinjaman;4618618
TRX0763;08333280669;2025-03-27;Tarik;1725624
TRX0764;08333280669;2024-09-04;Tarik;2901490
TRX0765;08101597645;2023-09-02;Tarik;1580411
TRX0766;08331374819;2024-10-19;Tarik;1708536
TRX0767;08617106153;2024-01-17;Angsuran;1440834
TRX0768;08842002387;2023-12-26;Pinjaman;18028604
TRX0769;08333280669;2023-06-23;Pinjaman;11803843
TRX0770;08298657148;2024-03-27;Pinjaman;17405762
TRX0771;08865359515;2025-02-13;Pinjaman;5943873
TRX0772;08617106153;2023-08-08;Pinjaman;8412686
TRX0773;08413740415;2024-10-01;Setor;4079149
TRX0774;08383062286;2025-03-24;Pinjaman;13403674
TRX0775;08721686160;2023-11-27;Angsuran;2497108
TRX0776;08298657148;2024-05-24;Angsuran;2170208
TRX0777;08148686482;2024-04-03;Tarik;2096289
TRX0778;08901212017;2025-05-17;Setor;3255459
TRX0779;08628307022;2023-06-25;Pinjaman;5368718
TRX0780;08265255040;2024-06-03;Angsuran;1472112
TRX0781;08331581844;2024-07-26;Angsuran;2653845
TRX0782;08605615293;2025-03-24;Pinjaman;19049055
TRX0783;08488613178;2025-01-03;Angsuran;840563
TRX0784;08842002387;2024-05-23;Angsuran;2321897
TRX0785;08485218582;2025-04-19;Setor;3589023
TRX0786;08983380613;2023-08-11;Pinjaman;15288735
TRX0787;08713720504;2025-04-12;Tarik;1119629
TRX0788;08481782436;2024-09-27;Pinjaman;10107113
TRX0789;08939552847;2024-06-13;Setor;463023
TRX0790;08997270079;2023-09-21;Setor;2379231
TRX0791;08127786413;2024-02-12;Pinjaman;2690009
TRX0792;08169920310;2023-06-18;Setor;1512034
TRX0793;08109494275;2023-11-06;Tarik;2620823
TRX0794;08975415631;2024-06-09;Tarik;1763716
TRX0795;08721686160;2023-12-31;Angsuran;2355701
TRX0796;08953430023;2024-05-02;Pinjaman;2203940
TRX0797;08865359515;2024-05-23;Angsuran;4353467
TRX0798;08807498984;2024-05-19;Tarik;1059044
TRX0799;08333280669;2023-12-04;Pinjaman;6693080
TRX0800;08865359515;2024-10-28;Angsuran;3376776
TRX0801;08473500388;2023-08-17;Tarik;868104
TRX0802;08311197805;2024-11-15;Pinjaman;7259021
TRX0803;08824412296;2025-04-16;Tarik;1461926
TRX0804;08142233460;2023-11-23;Tarik;2937675
TRX0805;08253732628;2023-10-06;Setor;1675859
TRX0806;08407052323;2025-01-02;Angsuran;615797
TRX0807;08331581844;2024-07-06;Pinjaman;4782893
TRX0808;08617106153;2023-07-24;Setor;4247191
TRX0809;08311197805;2023-10-31;Pinjaman;12748481
TRX0810;08504318927;2024-07-28;Tarik;2593980
TRX0811;08785209049;2024-12-02;Setor;2022555
TRX0812;08138731238;2024-11-28;Pinjaman;12055071
TRX0813;08983380613;2023-10-21;Angsuran;555263
TRX0814;08488613178;2025-03-06;Setor;3210262
TRX0815;08807079681;2023-08-29;Angsuran;2735698
TRX0816;08595025706;2023-10-24;Setor;3899633
TRX0817;08983380613;2023-08-30;Angsuran;818001
TRX0818;08807079681;2023-09-13;Pinjaman;1315781
TRX0819;08109494275;2024-02-25;Pinjaman;2345762
TRX0820;08437386797;2025-04-30;Pinjaman;10954758
TRX0821;08939552847;2024-02-19;Pinjaman;11745183
TRX0822;08690877164;2025-03-18;Setor;3737336
TRX0823;08416418815;2023-07-08;Angsuran;3051655
TRX0824;08694758904;2024-01-01;Pinjaman;18147878
TRX0825;08590611418;2024-06-13;Angsuran;1903791
TRX0826;08451034052;2024-03-30;Pinjaman;1051359
TRX0827;08363666272;2025-02-18;Tarik;1398764
TRX0828;08721686160;2023-07-10;Tarik;2681289
TRX0829;08414669238;2023-07-21;Setor;3760850
TRX0830;08983380613;2024-09-04;Setor;1459095
TRX0831;08713720504;2025-04-13;Angsuran;3273820
TRX0832;08142233460;2024-05-28;Angsuran;1841630
TRX0833;08337778398;2024-09-30;Pinjaman;17973168
TRX0834;08607643756;2025-01-19;Tarik;2565273
TRX0835;08481782436;2024-04-18;Tarik;1588338
TRX0836;08605615293;2023-08-23;Setor;4296249
TRX0837;08452094892;2023-07-24;Angsuran;2350670
TRX0838;08193124408;2024-09-30;Setor;4329554
TRX0839;08291013312;2025-03-02;Pinjaman;3991117
TRX0840;08904094505;2025-05-29;Tarik;1098589
TRX0841;08628307022;2025-05-19;Setor;1597334
TRX0842;08311197805;2024-10-26;Tarik;436568
TRX0843;08149085263;2024-11-10;Angsuran;4823503
TRX0844;08278675500;2025-01-13;Tarik;309707
TRX0845;08376687417;2023-08-20;Angsuran;1088704
TRX0846;08725198907;2023-11-06;Pinjaman;16390212
TRX0847;08488613178;2023-12-01;Setor;2821562
TRX0848;08376687417;2024-12-30;Pinjaman;19779905
TRX0849;08127793400;2025-06-12;Pinjaman;11661737
TRX0850;08778447911;2024-02-28;Tarik;2306722
TRX0851;08785209049;2024-08-23;Setor;2913120
TRX0852;08145234569;2023-12-29;Angsuran;2507036
TRX0853;08842002387;2024-01-13;Tarik;2185414
TRX0854;08865359515;2024-02-23;Angsuran;3268491
TRX0855;08937497854;2023-07-14;Tarik;1706000
TRX0856;08162311663;2024-08-30;Setor;1687252
TRX0857;08694758904;2024-02-14;Angsuran;1702949
TRX0858;08101597645;2023-08-31;Setor;2696714
TRX0859;08485218582;2024-03-29;Tarik;752371
TRX0860;08807079681;2024-04-16;Pinjaman;16134227
TRX0861;08725198907;2024-03-14;Setor;3639957
TRX0862;08171443445;2025-01-20;Tarik;2749310
TRX0863;08331959531;2025-03-19;Angsuran;3842817
TRX0864;08868233211;2024-04-05;Pinjaman;19464283
TRX0865;08605615293;2025-04-28;Angsuran;4150195
TRX0866;08944917052;2024-10-24;Setor;3876720
TRX0867;08865359515;2024-04-17;Pinjaman;4409670
TRX0868;08145234569;2025-04-22;Tarik;1173605
TRX0869;08298657148;2024-04-14;Setor;737742
TRX0870;08363666272;2024-11-11;Setor;509910
TRX0871;08291013312;2024-01-29;Setor;2484958
TRX0872;08818768160;2024-06-29;Angsuran;4649623
TRX0873;08363666272;2024-02-23;Tarik;687564
TRX0874;08713720504;2024-06-14;Setor;2795907
TRX0875;08485218582;2024-05-13;Pinjaman;7019052
TRX0876;08818768160;2024-01-28;Pinjaman;8232960
TRX0877;08937734400;2025-01-27;Tarik;98278
TRX0878;08110186335;2025-02-09;Angsuran;3943905
TRX0879;08913378597;2023-12-13;Tarik;2986426
TRX0880;08545167025;2023-12-07;Tarik;1411140
TRX0881;08332861014;2024-01-29;Angsuran;1898018
TRX0882;08842002387;2025-03-19;Pinjaman;15017734
TRX0883;08944917052;2024-12-04;Tarik;2459339
TRX0884;08542158923;2024-12-20;Setor;1292005
TRX0885;08127793400;2024-08-15;Angsuran;2298920
TRX0886;08278675500;2025-02-28;Angsuran;1504389
TRX0887;08376687417;2025-02-02;Pinjaman;6481989
TRX0888;08451034052;2024-08-04;Pinjaman;13362919
TRX0889;08939552847;2025-02-06;Angsuran;1360207
TRX0890;08179642633;2023-08-24;Setor;4321283
TRX0891;08807079681;2024-03-13;Setor;1706269
TRX0892;08331959531;2024-06-30;Setor;2717745
TRX0893;08868233211;2024-03-29;Tarik;281888
TRX0894;08109508978;2023-10-07;Tarik;1190178
TRX0895;08180244279;2025-03-21;Setor;4870846
TRX0896;08937497854;2024-09-20;Pinjaman;4224122
TRX0897;08901212017;2024-09-15;Angsuran;3737834
TRX0898;08785209049;2023-07-04;Angsuran;4183757
TRX0899;08617106153;2024-06-09;Tarik;1562427
TRX0900;08337778398;2024-08-10;Setor;3897845
TRX0901;08785209049;2024-08-03;Pinjaman;14827449
TRX0902;08920480729;2023-12-27;Pinjaman;19682813
TRX0903;08149085263;2023-07-14;Pinjaman;1708065
TRX0904;08806665426;2024-10-11;Angsuran;2331851
TRX0905;08904094505;2023-12-03;Tarik;1955710
TRX0906;08842002387;2023-12-07;Tarik;1955078
TRX0907;08765120016;2025-05-01;Angsuran;2103841
TRX0908;08180244279;2023-08-01;Tarik;2272700
TRX0909;08818768160;2025-01-27;Pinjaman;15935661
TRX0910;08865359515;2024-05-23;Tarik;1075054
TRX0911;08670186769;2024-01-01;Tarik;433450
TRX0912;08975415631;2024-08-31;Setor;3429849
TRX0913;08311197805;2024-08-14;Pinjaman;18108959
TRX0914;08180244279;2024-08-13;Setor;4611704
TRX0915;08792367626;2023-09-04;Angsuran;4961862
TRX0916;08545167025;2023-12-28;Pinjaman;13314731
TRX0917;08595025706;2025-03-07;Pinjaman;2631176
TRX0918;08414669238;2025-06-02;Pinjaman;2845442
TRX0919;08416418815;2025-03-04;Setor;3233347
TRX0920;08721686160;2023-07-26;Angsuran;1045551
TRX0921;08694758904;2024-04-26;Tarik;1328804
TRX0922;08376687417;2023-12-28;Setor;404939
TRX0923;08548734793;2023-08-22;Angsuran;1080226
TRX0924;08420483260;2025-02-27;Pinjaman;18689415
TRX0925;08331374819;2024-01-29;Tarik;203358
TRX0926;08331959531;2025-02-27;Pinjaman;3572503
TRX0927;08413740415;2024-05-27;Setor;3366213
TRX0928;08363666272;2025-04-12;Pinjaman;12441033
TRX0929;08110186335;2023-09-26;Angsuran;4749411
TRX0930;08807498984;2023-12-29;Tarik;2515305
TRX0931;08407052323;2024-12-04;Angsuran;4489853
TRX0932;08451034052;2025-04-24;Angsuran;4146415
TRX0933;08109494275;2025-03-29;Angsuran;2863732
TRX0934;08990898238;2024-08-27;Setor;1735712
TRX0935;08210194604;2024-09-24;Angsuran;4026464
TRX0936;08690877164;2024-09-09;Setor;4281363
TRX0937;08725198907;2024-04-25;Pinjaman;16642821
TRX0938;08865359515;2024-12-11;Setor;2056752
TRX0939;08700064548;2024-07-25;Setor;2578316
TRX0940;08171443445;2024-02-17;Angsuran;684014
TRX0941;08420483260;2024-04-25;Pinjaman;8928128
TRX0942;08332861014;2024-12-19;Angsuran;751028
TRX0943;08504318927;2024-02-23;Setor;1426815
TRX0944;08941927684;2024-09-04;Pinjaman;6688390
TRX0945;08193124408;2023-10-30;Pinjaman;4371706
TRX0946;08956718340;2024-10-31;Pinjaman;18105353
TRX0947;08278675500;2023-12-27;Setor;2694206
TRX0948;08953430023;2024-07-17;Pinjaman;17240165
TRX0949;08542158923;2024-11-05;Angsuran;2868781
TRX0950;08990898238;2025-04-24;Tarik;2376401
TRX0951;08956718340;2024-04-18;Tarik;941202
TRX0952;08204081927;2023-09-27;Pinjaman;16080295
TRX0953;08253732628;2024-06-14;Pinjaman;19013845
TRX0954;08376687417;2024-07-18;Pinjaman;2354036
TRX0955;08332861014;2024-05-26;Setor;3793934
TRX0956;08437386797;2024-07-09;Setor;3405078
TRX0957;08416418815;2023-11-26;Tarik;2207254
TRX0958;08127793400;2023-09-30;Pinjaman;14474127
TRX0959;08628307022;2023-11-04;Angsuran;585583
TRX0960;08775908653;2023-10-13;Setor;1727836
TRX0961;08407052323;2024-02-28;Pinjaman;15363447
TRX0962;08337778398;2025-04-09;Angsuran;656726
TRX0963;08904094505;2024-10-06;Pinjaman;19986286
TRX0964;08204081927;2025-03-08;Setor;3493445
TRX0965;08488613178;2025-04-10;Setor;1513512
TRX0966;08489788839;2025-05-14;Tarik;875461
TRX0967;08452094892;2024-10-30;Setor;4939890
TRX0968;08941927684;2025-04-14;Setor;548071
TRX0969;08607643756;2024-03-21;Tarik;1895163
TRX0970;08127793400;2023-12-06;Pinjaman;2922991
TRX0971;08901212017;2024-11-17;Tarik;2159365
TRX0972;08416418815;2023-09-08;Setor;3728705
TRX0973;08953430023;2024-03-03;Pinjaman;1877265
TRX0974;08605615293;2024-09-18;Pinjaman;16116327
TRX0975;08765120016;2023-08-09;Tarik;772021
TRX0976;08481782436;2024-07-26;Setor;3114779
TRX0977;08792367626;2024-04-02;Angsuran;3209198
TRX0978;08333280669;2023-10-18;Angsuran;4774412
TRX0979;08983380613;2025-05-13;Setor;4653387
TRX0980;08109508978;2024-05-07;Angsuran;1393293
TRX0981;08690877164;2023-06-14;Angsuran;3063126
TRX0982;08807498984;2025-01-31;Setor;1563319
TRX0983;08109494275;2025-05-29;Setor;788181
TRX0984;08778447911;2023-08-06;Pinjaman;12459868
TRX0985;08913378597;2025-03-28;Tarik;2112545
TRX0986;08548734793;2024-07-20;Setor;4968350
TRX0987;08489788839;2024-11-27;Pinjaman;10924241
TRX0988;08187855598;2024-05-05;Angsuran;3452859
TRX0989;08210194604;2023-07-24;Angsuran;866137
TRX0990;08670186769;2024-02-27;Tarik;1956029
TRX0991;08169920310;2024-04-30;Angsuran;4263380
TRX0992;08628307022;2023-11-05;Pinjaman;19694874
TRX0993;08939552847;2024-02-15;Tarik;1306495
TRX0994;08332861014;2024-03-10;Angsuran;3395409
TRX0995;08265255040;2024-11-03;Angsuran;1915001
TRX0996;08204081927;2023-07-31;Tarik;2043803
TRX0997;08725198907;2023-11-07;Setor;3659689
TRX0998;08452094892;2023-07-22;Angsuran;2891227
TRX0999;08149085263;2024-05-07;Setor;3336876
TRX1000;08721686160;2023-10-18;Angsuran;2967138
