Nomor Telepon;Nama Lengkap;Bulan;Gaji (IDR)
8413740415;Joko Susilo;2024-06;5678580
8413740415;Joko Susilo;2024-07;6451096
8413740415;Joko Susilo;2024-08;10702991
8413740415;Joko Susilo;2024-09;9052206
8413740415;Joko Susilo;2024-10;7634345
8413740415;Joko Susilo;2024-11;9995467
8413740415;Joko Susilo;2024-12;6571576
8413740415;Joko Susilo;2025-01;5716198
8413740415;Joko Susilo;2025-02;5284042
8413740415;Joko Susilo;2025-03;11928294
8413740415;Joko Susilo;2025-04;6032375
8413740415;Joko Susilo;2025-05;7950119
8605615293;Ani Handayani;2024-06;9856839
8605615293;Ani Handayani;2024-07;9108616
8605615293;Ani Handayani;2024-08;5090281
8605615293;Ani Handayani;2024-09;7867584
8605615293;Ani Handayani;2024-10;7096656
8605615293;Ani Handayani;2024-11;10923076
8605615293;Ani Handayani;2024-12;4943917
8605615293;Ani Handayani;2025-01;8619746
8605615293;Ani Handayani;2025-02;11495382
8605615293;Ani Handayani;2025-03;11784697
8605615293;Ani Handayani;2025-04;11993453
8605615293;Ani Handayani;2025-05;4277046
8420483260;Siti Rahayu;2024-06;11132142
8420483260;Siti Rahayu;2024-07;6503775
8420483260;Siti Rahayu;2024-08;9998219
8420483260;Siti Rahayu;2024-09;5868061
8420483260;Siti Rahayu;2024-10;10943297
8420483260;Siti Rahayu;2024-11;6352758
8420483260;Siti Rahayu;2024-12;5793718
8420483260;Siti Rahayu;2025-01;9613682
8420483260;Siti Rahayu;2025-02;8152916
8420483260;Siti Rahayu;2025-03;10615823
8420483260;Siti Rahayu;2025-04;7061726
8420483260;Siti Rahayu;2025-05;10542453
8937434024;Ratna Sari;2024-06;7360829
8937434024;Ratna Sari;2024-07;8120778
8937434024;Ratna Sari;2024-08;11196042
8937434024;Ratna Sari;2024-09;7990939
8937434024;Ratna Sari;2024-10;5067078
8937434024;Ratna Sari;2024-11;4690404
8937434024;Ratna Sari;2024-12;8470128
8937434024;Ratna Sari;2025-01;5819226
8937434024;Ratna Sari;2025-02;9239887
8937434024;Ratna Sari;2025-03;10270296
8937434024;Ratna Sari;2025-04;5650378
8937434024;Ratna Sari;2025-05;5839610
8332861014;Sari Dewi;2024-06;9424085
8332861014;Sari Dewi;2024-07;4093067
8332861014;Sari Dewi;2024-08;10395485
8332861014;Sari Dewi;2024-09;8640288
8332861014;Sari Dewi;2024-10;7372602
8332861014;Sari Dewi;2024-11;8574574
8332861014;Sari Dewi;2024-12;5201036
8332861014;Sari Dewi;2025-01;11474342
8332861014;Sari Dewi;2025-02;9820525
8332861014;Sari Dewi;2025-03;8981985
8332861014;Sari Dewi;2025-04;10740681
8332861014;Sari Dewi;2025-05;8001878
8253732628;Sari Dewi;2024-06;9948171
8253732628;Sari Dewi;2024-07;9214191
8253732628;Sari Dewi;2024-08;11890812
8253732628;Sari Dewi;2024-09;7058455
8253732628;Sari Dewi;2024-10;6010660
8253732628;Sari Dewi;2024-11;8731040
8253732628;Sari Dewi;2024-12;10883079
8253732628;Sari Dewi;2025-01;5114271
8253732628;Sari Dewi;2025-02;4380363
8253732628;Sari Dewi;2025-03;7836975
8253732628;Sari Dewi;2025-04;10342504
8253732628;Sari Dewi;2025-05;8356397
8148686482;Eko Prasetyo;2024-06;5253456
8148686482;Eko Prasetyo;2024-07;7263871
8148686482;Eko Prasetyo;2024-08;10582327
8148686482;Eko Prasetyo;2024-09;11264347
8148686482;Eko Prasetyo;2024-10;7443529
8148686482;Eko Prasetyo;2024-11;9880496
8148686482;Eko Prasetyo;2024-12;8542091
8148686482;Eko Prasetyo;2025-01;5812183
8148686482;Eko Prasetyo;2025-02;10773339
8148686482;Eko Prasetyo;2025-03;5241994
8148686482;Eko Prasetyo;2025-04;11663965
8148686482;Eko Prasetyo;2025-05;8861529
8331959531;Sari Dewi;2024-06;9407115
8331959531;Sari Dewi;2024-07;10044190
8331959531;Sari Dewi;2024-08;11058822
8331959531;Sari Dewi;2024-09;4091845
8331959531;Sari Dewi;2024-10;9659514
8331959531;Sari Dewi;2024-11;4419005
8331959531;Sari Dewi;2024-12;11847843
8331959531;Sari Dewi;2025-01;11896434
8331959531;Sari Dewi;2025-02;6767812
8331959531;Sari Dewi;2025-03;4390948
8331959531;Sari Dewi;2025-04;4314819
8331959531;Sari Dewi;2025-05;9278780
8150041449;Ahmad Fauzi;2024-06;9564634
8150041449;Ahmad Fauzi;2024-07;6266775
8150041449;Ahmad Fauzi;2024-08;8705527
8150041449;Ahmad Fauzi;2024-09;10784174
8150041449;Ahmad Fauzi;2024-10;7879518
8150041449;Ahmad Fauzi;2024-11;9552380
8150041449;Ahmad Fauzi;2024-12;5944444
8150041449;Ahmad Fauzi;2025-01;5395902
8150041449;Ahmad Fauzi;2025-02;10991521
8150041449;Ahmad Fauzi;2025-03;11911793
8150041449;Ahmad Fauzi;2025-04;6819659
8150041449;Ahmad Fauzi;2025-05;7894784
8278675500;Ani Handayani;2024-06;5262082
8278675500;Ani Handayani;2024-07;8291192
8278675500;Ani Handayani;2024-08;7341507
8278675500;Ani Handayani;2024-09;8134850
8278675500;Ani Handayani;2024-10;8354180
8278675500;Ani Handayani;2024-11;11502860
8278675500;Ani Handayani;2024-12;11434820
8278675500;Ani Handayani;2025-01;7740344
8278675500;Ani Handayani;2025-02;11499203
8278675500;Ani Handayani;2025-03;8909056
8278675500;Ani Handayani;2025-04;6348791
8278675500;Ani Handayani;2025-05;9704457
8657335042;Maya Indah;2024-06;8935906
8657335042;Maya Indah;2024-07;11857934
8657335042;Maya Indah;2024-08;11862431
8657335042;Maya Indah;2024-09;10670877
8657335042;Maya Indah;2024-10;7810087
8657335042;Maya Indah;2024-11;11533139
8657335042;Maya Indah;2024-12;7158741
8657335042;Maya Indah;2025-01;9735575
8657335042;Maya Indah;2025-02;5277319
8657335042;Maya Indah;2025-03;7629450
8657335042;Maya Indah;2025-04;6214212
8657335042;Maya Indah;2025-05;8943102
8504318927;Firman Syah;2024-06;8059778
8504318927;Firman Syah;2024-07;8330549
8504318927;Firman Syah;2024-08;5492291
8504318927;Firman Syah;2024-09;11471741
8504318927;Firman Syah;2024-10;10010699
8504318927;Firman Syah;2024-11;9840017
8504318927;Firman Syah;2024-12;11609836
8504318927;Firman Syah;2025-01;11548820
8504318927;Firman Syah;2025-02;4324917
8504318927;Firman Syah;2025-03;4495949
8504318927;Firman Syah;2025-04;7799901
8504318927;Firman Syah;2025-05;10771526
8291013312;Rudi Hartono;2024-06;6438061
8291013312;Rudi Hartono;2024-07;4734773
8291013312;Rudi Hartono;2024-08;7850620
8291013312;Rudi Hartono;2024-09;5291055
8291013312;Rudi Hartono;2024-10;10116695
8291013312;Rudi Hartono;2024-11;10265647
8291013312;Rudi Hartono;2024-12;7698472
8291013312;Rudi Hartono;2025-01;9819825
8291013312;Rudi Hartono;2025-02;6319784
8291013312;Rudi Hartono;2025-03;7314514
8291013312;Rudi Hartono;2025-04;5886233
8291013312;Rudi Hartono;2025-05;6841483
8265255040;Firman Syah;2024-06;9615376
8265255040;Firman Syah;2024-07;11858229
8265255040;Firman Syah;2024-08;9792690
8265255040;Firman Syah;2024-09;10021141
8265255040;Firman Syah;2024-10;6641952
8265255040;Firman Syah;2024-11;4178512
8265255040;Firman Syah;2024-12;8407079
8265255040;Firman Syah;2025-01;10110883
8265255040;Firman Syah;2025-02;10059559
8265255040;Firman Syah;2025-03;4573203
8265255040;Firman Syah;2025-04;6998358
8265255040;Firman Syah;2025-05;7971053
8818768160;Ahmad Fauzi;2024-06;10435022
8818768160;Ahmad Fauzi;2024-07;5469179
8818768160;Ahmad Fauzi;2024-08;11261484
8818768160;Ahmad Fauzi;2024-09;9300374
8818768160;Ahmad Fauzi;2024-10;9817998
8818768160;Ahmad Fauzi;2024-11;4352548
8818768160;Ahmad Fauzi;2024-12;9147196
8818768160;Ahmad Fauzi;2025-01;9396835
8818768160;Ahmad Fauzi;2025-02;9835111
8818768160;Ahmad Fauzi;2025-03;7840877
8818768160;Ahmad Fauzi;2025-04;7973622
8818768160;Ahmad Fauzi;2025-05;11671275
8778447911;Rina Wijaya;2024-06;11795719
8778447911;Rina Wijaya;2024-07;9555357
8778447911;Rina Wijaya;2024-08;9724313
8778447911;Rina Wijaya;2024-09;4757347
8778447911;Rina Wijaya;2024-10;6917971
8778447911;Rina Wijaya;2024-11;11601857
8778447911;Rina Wijaya;2024-12;7718283
8778447911;Rina Wijaya;2025-01;11370234
8778447911;Rina Wijaya;2025-02;4358119
8778447911;Rina Wijaya;2025-03;5557034
8778447911;Rina Wijaya;2025-04;8796438
8778447911;Rina Wijaya;2025-05;11876691
8473500388;Agus Setiawan;2024-06;11994969
8473500388;Agus Setiawan;2024-07;11721965
8473500388;Agus Setiawan;2024-08;4643223
8473500388;Agus Setiawan;2024-09;11367043
8473500388;Agus Setiawan;2024-10;8302187
8473500388;Agus Setiawan;2024-11;4686371
8473500388;Agus Setiawan;2024-12;5015482
8473500388;Agus Setiawan;2025-01;9963014
8473500388;Agus Setiawan;2025-02;9851016
8473500388;Agus Setiawan;2025-03;5815139
8473500388;Agus Setiawan;2025-04;8498936
8473500388;Agus Setiawan;2025-05;4008779
8187855598;Rudi Hartono;2024-06;11869189
8187855598;Rudi Hartono;2024-07;10555319
8187855598;Rudi Hartono;2024-08;7045412
8187855598;Rudi Hartono;2024-09;5809233
8187855598;Rudi Hartono;2024-10;7851885
8187855598;Rudi Hartono;2024-11;7770918
8187855598;Rudi Hartono;2024-12;7871429
8187855598;Rudi Hartono;2025-01;6509576
8187855598;Rudi Hartono;2025-02;10120904
8187855598;Rudi Hartono;2025-03;10901126
8187855598;Rudi Hartono;2025-04;5245666
8187855598;Rudi Hartono;2025-05;11372678
8331581844;Ratna Sari;2024-06;11176532
8331581844;Ratna Sari;2024-07;8794691
8331581844;Ratna Sari;2024-08;7192972
8331581844;Ratna Sari;2024-09;8564868
8331581844;Ratna Sari;2024-10;6393451
8331581844;Ratna Sari;2024-11;9670846
8331581844;Ratna Sari;2024-12;9639975
8331581844;Ratna Sari;2025-01;4278224
8331581844;Ratna Sari;2025-02;7009520
8331581844;Ratna Sari;2025-03;7536983
8331581844;Ratna Sari;2025-04;11898021
8331581844;Ratna Sari;2025-05;4955273
8713720504;Eko Prasetyo;2024-06;8669420
8713720504;Eko Prasetyo;2024-07;6674984
8713720504;Eko Prasetyo;2024-08;5739540
8713720504;Eko Prasetyo;2024-09;4127900
8713720504;Eko Prasetyo;2024-10;5313175
8713720504;Eko Prasetyo;2024-11;11009922
8713720504;Eko Prasetyo;2024-12;9694699
8713720504;Eko Prasetyo;2025-01;7737663
8713720504;Eko Prasetyo;2025-02;4873960
8713720504;Eko Prasetyo;2025-03;9126821
8713720504;Eko Prasetyo;2025-04;8787772
8713720504;Eko Prasetyo;2025-05;7520846
8485218582;Siti Rahayu;2024-06;5558695
8485218582;Siti Rahayu;2024-07;5205794
8485218582;Siti Rahayu;2024-08;4182630
8485218582;Siti Rahayu;2024-09;8039891
8485218582;Siti Rahayu;2024-10;7210432
8485218582;Siti Rahayu;2024-11;8519998
8485218582;Siti Rahayu;2024-12;4750819
8485218582;Siti Rahayu;2025-01;11134860
8485218582;Siti Rahayu;2025-02;5303891
8485218582;Siti Rahayu;2025-03;4283125
8485218582;Siti Rahayu;2025-04;4723119
8485218582;Siti Rahayu;2025-05;10544800
8997270079;Rina Wijaya;2024-06;8027052
8997270079;Rina Wijaya;2024-07;7232353
8997270079;Rina Wijaya;2024-08;11939154
8997270079;Rina Wijaya;2024-09;10830885
8997270079;Rina Wijaya;2024-10;11763354
8997270079;Rina Wijaya;2024-11;8791624
8997270079;Rina Wijaya;2024-12;11213692
8997270079;Rina Wijaya;2025-01;10734193
8997270079;Rina Wijaya;2025-02;5006309
8997270079;Rina Wijaya;2025-03;6578401
8997270079;Rina Wijaya;2025-04;4874082
8997270079;Rina Wijaya;2025-05;8985209
8617106153;Budi Santoso;2024-06;10960142
8617106153;Budi Santoso;2024-07;4425610
8617106153;Budi Santoso;2024-08;4497399
8617106153;Budi Santoso;2024-09;8117478
8617106153;Budi Santoso;2024-10;7511819
8617106153;Budi Santoso;2024-11;9752676
8617106153;Budi Santoso;2024-12;11338207
8617106153;Budi Santoso;2025-01;6088769
8617106153;Budi Santoso;2025-02;10600914
8617106153;Budi Santoso;2025-03;5789820
8617106153;Budi Santoso;2025-04;5901161
8617106153;Budi Santoso;2025-05;11102207
8937734400;Agus Setiawan;2024-06;5310827
8937734400;Agus Setiawan;2024-07;6300142
8937734400;Agus Setiawan;2024-08;10944738
8937734400;Agus Setiawan;2024-09;4286706
8937734400;Agus Setiawan;2024-10;7088078
8937734400;Agus Setiawan;2024-11;9979371
8937734400;Agus Setiawan;2024-12;8268855
8937734400;Agus Setiawan;2025-01;8852317
8937734400;Agus Setiawan;2025-02;9705884
8937734400;Agus Setiawan;2025-03;5929166
8937734400;Agus Setiawan;2025-04;9910971
8937734400;Agus Setiawan;2025-05;4529730
8990898238;Lina Marlina;2024-06;4564997
8990898238;Lina Marlina;2024-07;6563717
8990898238;Lina Marlina;2024-08;10674799
8990898238;Lina Marlina;2024-09;6064465
8990898238;Lina Marlina;2024-10;11809793
8990898238;Lina Marlina;2024-11;7965966
8990898238;Lina Marlina;2024-12;7225320
8990898238;Lina Marlina;2025-01;7619368
8990898238;Lina Marlina;2025-02;4333008
8990898238;Lina Marlina;2025-03;10368052
8990898238;Lina Marlina;2025-04;9650419
8990898238;Lina Marlina;2025-05;11785417
8944917052;Ani Handayani;2024-06;7651740
8944917052;Ani Handayani;2024-07;7281760
8944917052;Ani Handayani;2024-08;8856923
8944917052;Ani Handayani;2024-09;4771123
8944917052;Ani Handayani;2024-10;6955375
8944917052;Ani Handayani;2024-11;4812451
8944917052;Ani Handayani;2024-12;7368747
8944917052;Ani Handayani;2025-01;10331464
8944917052;Ani Handayani;2025-02;6632812
8944917052;Ani Handayani;2025-03;7682364
8944917052;Ani Handayani;2025-04;5807615
8944917052;Ani Handayani;2025-05;9033700
8865359515;Ratna Sari;2024-06;10075810
8865359515;Ratna Sari;2024-07;7282777
8865359515;Ratna Sari;2024-08;6974707
8865359515;Ratna Sari;2024-09;8548272
8865359515;Ratna Sari;2024-10;8657574
8865359515;Ratna Sari;2024-11;8134182
8865359515;Ratna Sari;2024-12;11089814
8865359515;Ratna Sari;2025-01;9036760
8865359515;Ratna Sari;2025-02;7571036
8865359515;Ratna Sari;2025-03;5109504
8865359515;Ratna Sari;2025-04;10839184
8865359515;Ratna Sari;2025-05;10193996
8607643756;Ani Handayani;2024-06;10027289
8607643756;Ani Handayani;2024-07;5295983
8607643756;Ani Handayani;2024-08;11054477
8607643756;Ani Handayani;2024-09;10121049
8607643756;Ani Handayani;2024-10;5123558
8607643756;Ani Handayani;2024-11;7072671
8607643756;Ani Handayani;2024-12;9990579
8607643756;Ani Handayani;2025-01;6783512
8607643756;Ani Handayani;2025-02;10693112
8607643756;Ani Handayani;2025-03;4646172
8607643756;Ani Handayani;2025-04;9059246
8607643756;Ani Handayani;2025-05;10973126
8721686160;Dedi Hermawan;2024-06;8788931
8721686160;Dedi Hermawan;2024-07;7261848
8721686160;Dedi Hermawan;2024-08;9314995
8721686160;Dedi Hermawan;2024-09;9952174
8721686160;Dedi Hermawan;2024-10;7131981
8721686160;Dedi Hermawan;2024-11;10577560
8721686160;Dedi Hermawan;2024-12;9466156
8721686160;Dedi Hermawan;2025-01;9484810
8721686160;Dedi Hermawan;2025-02;5023435
8721686160;Dedi Hermawan;2025-03;11886567
8721686160;Dedi Hermawan;2025-04;4759564
8721686160;Dedi Hermawan;2025-05;7553575
8331374819;Firman Syah;2024-06;11299436
8331374819;Firman Syah;2024-07;11341063
8331374819;Firman Syah;2024-08;8211660
8331374819;Firman Syah;2024-09;5837879
8331374819;Firman Syah;2024-10;8055999
8331374819;Firman Syah;2024-11;10259468
8331374819;Firman Syah;2024-12;8914069
8331374819;Firman Syah;2025-01;10947461
8331374819;Firman Syah;2025-02;8785626
8331374819;Firman Syah;2025-03;5160063
8331374819;Firman Syah;2025-04;5590020
8331374819;Firman Syah;2025-05;11314534
8975415631;Eko Prasetyo;2024-06;11065563
8975415631;Eko Prasetyo;2024-07;4245033
8975415631;Eko Prasetyo;2024-08;6493562
8975415631;Eko Prasetyo;2024-09;9261163
8975415631;Eko Prasetyo;2024-10;5379962
8975415631;Eko Prasetyo;2024-11;11605062
8975415631;Eko Prasetyo;2024-12;11878165
8975415631;Eko Prasetyo;2025-01;7045225
8975415631;Eko Prasetyo;2025-02;4336805
8975415631;Eko Prasetyo;2025-03;11709320
8975415631;Eko Prasetyo;2025-04;6701142
8975415631;Eko Prasetyo;2025-05;5131135
8956718340;Ahmad Fauzi;2024-06;5205815
8956718340;Ahmad Fauzi;2024-07;7768119
8956718340;Ahmad Fauzi;2024-08;7510808
8956718340;Ahmad Fauzi;2024-09;4813140
8956718340;Ahmad Fauzi;2024-10;6530147
8956718340;Ahmad Fauzi;2024-11;11783200
8956718340;Ahmad Fauzi;2024-12;11938066
8956718340;Ahmad Fauzi;2025-01;5928647
8956718340;Ahmad Fauzi;2025-02;4405854
8956718340;Ahmad Fauzi;2025-03;9334524
8956718340;Ahmad Fauzi;2025-04;11899547
8956718340;Ahmad Fauzi;2025-05;9769162
8941927684;Ratna Sari;2024-06;5255044
8941927684;Ratna Sari;2024-07;6982675
8941927684;Ratna Sari;2024-08;4823933
8941927684;Ratna Sari;2024-09;4095600
8941927684;Ratna Sari;2024-10;10092117
8941927684;Ratna Sari;2024-11;10924034
8941927684;Ratna Sari;2024-12;11038386
8941927684;Ratna Sari;2025-01;10166828
8941927684;Ratna Sari;2025-02;9720139
8941927684;Ratna Sari;2025-03;4744136
8941927684;Ratna Sari;2025-04;10051219
8941927684;Ratna Sari;2025-05;7855611
8901212017;Maya Indah;2024-06;10368674
8901212017;Maya Indah;2024-07;4731950
8901212017;Maya Indah;2024-08;8504144
8901212017;Maya Indah;2024-09;10559006
8901212017;Maya Indah;2024-10;4680171
8901212017;Maya Indah;2024-11;11243402
8901212017;Maya Indah;2024-12;4551881
8901212017;Maya Indah;2025-01;5724147
8901212017;Maya Indah;2025-02;5355725
8901212017;Maya Indah;2025-03;5237521
8901212017;Maya Indah;2025-04;5353525
8901212017;Maya Indah;2025-05;11307103
8489788839;Rina Wijaya;2024-06;9524060
8489788839;Rina Wijaya;2024-07;4161486
8489788839;Rina Wijaya;2024-08;11274677
8489788839;Rina Wijaya;2024-09;10813895
8489788839;Rina Wijaya;2024-10;10042251
8489788839;Rina Wijaya;2024-11;9089335
8489788839;Rina Wijaya;2024-12;7162468
8489788839;Rina Wijaya;2025-01;4215915
8489788839;Rina Wijaya;2025-02;8557560
8489788839;Rina Wijaya;2025-03;5368220
8489788839;Rina Wijaya;2025-04;7867388
8489788839;Rina Wijaya;2025-05;5714211
8204081927;Yuni Astuti;2024-06;11514511
8204081927;Yuni Astuti;2024-07;9035840
8204081927;Yuni Astuti;2024-08;7636136
8204081927;Yuni Astuti;2024-09;7867737
8204081927;Yuni Astuti;2024-10;11317638
8204081927;Yuni Astuti;2024-11;9684695
8204081927;Yuni Astuti;2024-12;4351520
8204081927;Yuni Astuti;2025-01;11893531
8204081927;Yuni Astuti;2025-02;6211424
8204081927;Yuni Astuti;2025-03;6378886
8204081927;Yuni Astuti;2025-04;6025399
8204081927;Yuni Astuti;2025-05;6854797
8481782436;Eko Prasetyo;2024-06;7492234
8481782436;Eko Prasetyo;2024-07;7451103
8481782436;Eko Prasetyo;2024-08;10610361
8481782436;Eko Prasetyo;2024-09;10542422
8481782436;Eko Prasetyo;2024-10;10830574
8481782436;Eko Prasetyo;2024-11;7337346
8481782436;Eko Prasetyo;2024-12;9787983
8481782436;Eko Prasetyo;2025-01;6528968
8481782436;Eko Prasetyo;2025-02;5088471
8481782436;Eko Prasetyo;2025-03;10158434
8481782436;Eko Prasetyo;2025-04;11641969
8481782436;Eko Prasetyo;2025-05;8670126
8939552847;Sari Dewi;2024-06;7783514
8939552847;Sari Dewi;2024-07;7226544
8939552847;Sari Dewi;2024-08;5821341
8939552847;Sari Dewi;2024-09;4913126
8939552847;Sari Dewi;2024-10;11407468
8939552847;Sari Dewi;2024-11;10001821
8939552847;Sari Dewi;2024-12;4326437
8939552847;Sari Dewi;2025-01;7190913
8939552847;Sari Dewi;2025-02;10926326
8939552847;Sari Dewi;2025-03;9540494
8939552847;Sari Dewi;2025-04;6417346
8939552847;Sari Dewi;2025-05;7014680
8807079681;Rina Wijaya;2024-06;11841130
8807079681;Rina Wijaya;2024-07;5073229
8807079681;Rina Wijaya;2024-08;10857913
8807079681;Rina Wijaya;2024-09;8988828
8807079681;Rina Wijaya;2024-10;4012481
8807079681;Rina Wijaya;2024-11;10535956
8807079681;Rina Wijaya;2024-12;5557353
8807079681;Rina Wijaya;2025-01;7328131
8807079681;Rina Wijaya;2025-02;5448646
8807079681;Rina Wijaya;2025-03;11373850
8807079681;Rina Wijaya;2025-04;4300419
8807079681;Rina Wijaya;2025-05;8735377
8595025706;Rina Wijaya;2024-06;5170946
8595025706;Rina Wijaya;2024-07;9796893
8595025706;Rina Wijaya;2024-08;11489179
8595025706;Rina Wijaya;2024-09;5434503
8595025706;Rina Wijaya;2024-10;6709226
8595025706;Rina Wijaya;2024-11;4072942
8595025706;Rina Wijaya;2024-12;7482869
8595025706;Rina Wijaya;2025-01;9404081
8595025706;Rina Wijaya;2025-02;6950556
8595025706;Rina Wijaya;2025-03;10354520
8595025706;Rina Wijaya;2025-04;8131967
8595025706;Rina Wijaya;2025-05;10035100
8383062286;Siti Rahayu;2024-06;8244742
8383062286;Siti Rahayu;2024-07;4614044
8383062286;Siti Rahayu;2024-08;4808912
8383062286;Siti Rahayu;2024-09;7207944
8383062286;Siti Rahayu;2024-10;9465175
8383062286;Siti Rahayu;2024-11;10591651
8383062286;Siti Rahayu;2024-12;5058883
8383062286;Siti Rahayu;2025-01;4486809
8383062286;Siti Rahayu;2025-02;5256069
8383062286;Siti Rahayu;2025-03;10408492
8383062286;Siti Rahayu;2025-04;6274462
8383062286;Siti Rahayu;2025-05;10740042
8840861921;Dedi Hermawan;2024-06;7170250
8840861921;Dedi Hermawan;2024-07;6589877
8840861921;Dedi Hermawan;2024-08;8033849
8840861921;Dedi Hermawan;2024-09;10281988
8840861921;Dedi Hermawan;2024-10;8800168
8840861921;Dedi Hermawan;2024-11;4211798
8840861921;Dedi Hermawan;2024-12;11710274
8840861921;Dedi Hermawan;2025-01;5180899
8840861921;Dedi Hermawan;2025-02;11506972
8840861921;Dedi Hermawan;2025-03;4682264
8840861921;Dedi Hermawan;2025-04;9467992
8840861921;Dedi Hermawan;2025-05;8007226
8868233211;Dewi Lestari;2024-06;5637703
8868233211;Dewi Lestari;2024-07;4217081
8868233211;Dewi Lestari;2024-08;7510790
8868233211;Dewi Lestari;2024-09;7775080
8868233211;Dewi Lestari;2024-10;5296488
8868233211;Dewi Lestari;2024-11;10901585
8868233211;Dewi Lestari;2024-12;5634129
8868233211;Dewi Lestari;2025-01;9552372
8868233211;Dewi Lestari;2025-02;5121699
8868233211;Dewi Lestari;2025-03;7454366
8868233211;Dewi Lestari;2025-04;4304370
8868233211;Dewi Lestari;2025-05;10568605
8101597645;Lina Marlina;2024-06;11856394
8101597645;Lina Marlina;2024-07;7497739
8101597645;Lina Marlina;2024-08;11843427
8101597645;Lina Marlina;2024-09;9111815
8101597645;Lina Marlina;2024-10;6756567
8101597645;Lina Marlina;2024-11;5911396
8101597645;Lina Marlina;2024-12;8116361
8101597645;Lina Marlina;2025-01;7936167
8101597645;Lina Marlina;2025-02;9520823
8101597645;Lina Marlina;2025-03;4240947
8101597645;Lina Marlina;2025-04;7674899
8101597645;Lina Marlina;2025-05;10529092
8842002387;Eko Prasetyo;2024-06;8741148
8842002387;Eko Prasetyo;2024-07;7069286
8842002387;Eko Prasetyo;2024-08;10949302
8842002387;Eko Prasetyo;2024-09;10421401
8842002387;Eko Prasetyo;2024-10;4345506
8842002387;Eko Prasetyo;2024-11;4824855
8842002387;Eko Prasetyo;2024-12;8103052
8842002387;Eko Prasetyo;2025-01;7036040
8842002387;Eko Prasetyo;2025-02;11062461
8842002387;Eko Prasetyo;2025-03;5976480
8842002387;Eko Prasetyo;2025-04;11476910
8842002387;Eko Prasetyo;2025-05;8157335
8913378597;Ratna Sari;2024-06;11224894
8913378597;Ratna Sari;2024-07;4455864
8913378597;Ratna Sari;2024-08;7378307
8913378597;Ratna Sari;2024-09;6026949
8913378597;Ratna Sari;2024-10;4882872
8913378597;Ratna Sari;2024-11;9409122
8913378597;Ratna Sari;2024-12;9905801
8913378597;Ratna Sari;2025-01;6454453
8913378597;Ratna Sari;2025-02;7612509
8913378597;Ratna Sari;2025-03;4726134
8913378597;Ratna Sari;2025-04;11106080
8913378597;Ratna Sari;2025-05;6001870
8162311663;Eko Prasetyo;2024-06;8978325
8162311663;Eko Prasetyo;2024-07;9337447
8162311663;Eko Prasetyo;2024-08;6043480
8162311663;Eko Prasetyo;2024-09;4558151
8162311663;Eko Prasetyo;2024-10;10682009
8162311663;Eko Prasetyo;2024-11;11855482
8162311663;Eko Prasetyo;2024-12;10702997
8162311663;Eko Prasetyo;2025-01;4038433
8162311663;Eko Prasetyo;2025-02;9005679
8162311663;Eko Prasetyo;2025-03;7808775
8162311663;Eko Prasetyo;2025-04;4649792
8162311663;Eko Prasetyo;2025-05;5912766
8904094505;Maya Indah;2024-06;10729809
8904094505;Maya Indah;2024-07;7039291
8904094505;Maya Indah;2024-08;11671877
8904094505;Maya Indah;2024-09;5552008
8904094505;Maya Indah;2024-10;4675372
8904094505;Maya Indah;2024-11;5374734
8904094505;Maya Indah;2024-12;4646767
8904094505;Maya Indah;2025-01;4868974
8904094505;Maya Indah;2025-02;5493454
8904094505;Maya Indah;2025-03;11509505
8904094505;Maya Indah;2025-04;9425665
8904094505;Maya Indah;2025-05;10586597
8127786413;Joko Susilo;2024-06;10553739
8127786413;Joko Susilo;2024-07;6621746
8127786413;Joko Susilo;2024-08;10667422
8127786413;Joko Susilo;2024-09;5207534
8127786413;Joko Susilo;2024-10;9389687
8127786413;Joko Susilo;2024-11;9662689
8127786413;Joko Susilo;2024-12;8166655
8127786413;Joko Susilo;2025-01;4975738
8127786413;Joko Susilo;2025-02;4765342
8127786413;Joko Susilo;2025-03;6985265
8127786413;Joko Susilo;2025-04;7477867
8127786413;Joko Susilo;2025-05;8375010
8542158923;Eko Prasetyo;2024-06;7931597
8542158923;Eko Prasetyo;2024-07;6294242
8542158923;Eko Prasetyo;2024-08;11974237
8542158923;Eko Prasetyo;2024-09;9131062
8542158923;Eko Prasetyo;2024-10;6479503
8542158923;Eko Prasetyo;2024-11;11154596
8542158923;Eko Prasetyo;2024-12;7444915
8542158923;Eko Prasetyo;2025-01;8144362
8542158923;Eko Prasetyo;2025-02;6587722
8542158923;Eko Prasetyo;2025-03;4166886
8542158923;Eko Prasetyo;2025-04;6176019
8542158923;Eko Prasetyo;2025-05;11941226
8806665426;Maya Indah;2024-06;4460278
8806665426;Maya Indah;2024-07;8540925
8806665426;Maya Indah;2024-08;6719271
8806665426;Maya Indah;2024-09;8502198
8806665426;Maya Indah;2024-10;8260387
8806665426;Maya Indah;2024-11;7185787
8806665426;Maya Indah;2024-12;10126624
8806665426;Maya Indah;2025-01;11656375
8806665426;Maya Indah;2025-02;7805084
8806665426;Maya Indah;2025-03;9111898
8806665426;Maya Indah;2025-04;10926449
8806665426;Maya Indah;2025-05;8607171
8488613178;Maya Indah;2024-06;4635990
8488613178;Maya Indah;2024-07;4234342
8488613178;Maya Indah;2024-08;11088790
8488613178;Maya Indah;2024-09;10989740
8488613178;Maya Indah;2024-10;9714159
8488613178;Maya Indah;2024-11;8085417
8488613178;Maya Indah;2024-12;9353195
8488613178;Maya Indah;2025-01;5135861
8488613178;Maya Indah;2025-02;4171116
8488613178;Maya Indah;2025-03;9872393
8488613178;Maya Indah;2025-04;6962645
8488613178;Maya Indah;2025-05;8641452
8792367626;Dewi Lestari;2024-06;6910335
8792367626;Dewi Lestari;2024-07;9105139
8792367626;Dewi Lestari;2024-08;4727534
8792367626;Dewi Lestari;2024-09;5161084
8792367626;Dewi Lestari;2024-10;5338740
8792367626;Dewi Lestari;2024-11;8314981
8792367626;Dewi Lestari;2024-12;10390737
8792367626;Dewi Lestari;2025-01;6606296
8792367626;Dewi Lestari;2025-02;7325233
8792367626;Dewi Lestari;2025-03;9353805
8792367626;Dewi Lestari;2025-04;11931991
8792367626;Dewi Lestari;2025-05;10320321
8171443445;Ani Handayani;2024-06;4821220
8171443445;Ani Handayani;2024-07;4079580
8171443445;Ani Handayani;2024-08;9133210
8171443445;Ani Handayani;2024-09;8483728
8171443445;Ani Handayani;2024-10;8370378
8171443445;Ani Handayani;2024-11;6375142
8171443445;Ani Handayani;2024-12;7434478
8171443445;Ani Handayani;2025-01;7185172
8171443445;Ani Handayani;2025-02;11698900
8171443445;Ani Handayani;2025-03;11778596
8171443445;Ani Handayani;2025-04;6307821
8171443445;Ani Handayani;2025-05;10951144
8298657148;Ratna Sari;2024-06;9239209
8298657148;Ratna Sari;2024-07;11299249
8298657148;Ratna Sari;2024-08;7628760
8298657148;Ratna Sari;2024-09;4622208
8298657148;Ratna Sari;2024-10;5721600
8298657148;Ratna Sari;2024-11;6864661
8298657148;Ratna Sari;2024-12;5117672
8298657148;Ratna Sari;2025-01;10135066
8298657148;Ratna Sari;2025-02;7222084
8298657148;Ratna Sari;2025-03;9457918
8298657148;Ratna Sari;2025-04;11815533
8298657148;Ratna Sari;2025-05;6780405
8953430023;Ahmad Fauzi;2024-06;8688004
8953430023;Ahmad Fauzi;2024-07;5318380
8953430023;Ahmad Fauzi;2024-08;4516289
8953430023;Ahmad Fauzi;2024-09;7502167
8953430023;Ahmad Fauzi;2024-10;8200495
8953430023;Ahmad Fauzi;2024-11;6833515
8953430023;Ahmad Fauzi;2024-12;9021165
8953430023;Ahmad Fauzi;2025-01;4134973
8953430023;Ahmad Fauzi;2025-02;9724913
8953430023;Ahmad Fauzi;2025-03;7025183
8953430023;Ahmad Fauzi;2025-04;8277995
8953430023;Ahmad Fauzi;2025-05;4751494
8545167025;Ratna Sari;2024-06;6556890
8545167025;Ratna Sari;2024-07;11429951
8545167025;Ratna Sari;2024-08;4518311
8545167025;Ratna Sari;2024-09;4576589
8545167025;Ratna Sari;2024-10;8884366
8545167025;Ratna Sari;2024-11;11681366
8545167025;Ratna Sari;2024-12;10854223
8545167025;Ratna Sari;2025-01;4853453
8545167025;Ratna Sari;2025-02;11249753
8545167025;Ratna Sari;2025-03;9511343
8545167025;Ratna Sari;2025-04;10196520
8545167025;Ratna Sari;2025-05;10335521
8121361502;Linda Permata;2024-06;6999955
8121361502;Linda Permata;2024-07;11434931
8121361502;Linda Permata;2024-08;10575174
8121361502;Linda Permata;2024-09;9452559
8121361502;Linda Permata;2024-10;9433490
8121361502;Linda Permata;2024-11;6014157
8121361502;Linda Permata;2024-12;5822505
8121361502;Linda Permata;2025-01;7677539
8121361502;Linda Permata;2025-02;5450689
8121361502;Linda Permata;2025-03;6165563
8121361502;Linda Permata;2025-04;9477565
8121361502;Linda Permata;2025-05;7660963
8884207936;Dedi Hermawan;2024-06;8747722
8884207936;Dedi Hermawan;2024-07;4329948
8884207936;Dedi Hermawan;2024-08;9002663
8884207936;Dedi Hermawan;2024-09;5654332
8884207936;Dedi Hermawan;2024-10;4431607
8884207936;Dedi Hermawan;2024-11;7251417
8884207936;Dedi Hermawan;2024-12;11311507
8884207936;Dedi Hermawan;2025-01;4781473
8884207936;Dedi Hermawan;2025-02;9302093
8884207936;Dedi Hermawan;2025-03;9781005
8884207936;Dedi Hermawan;2025-04;10499561
8884207936;Dedi Hermawan;2025-05;7786785
8785209049;Maya Indah;2024-06;4546252
8785209049;Maya Indah;2024-07;9182953
8785209049;Maya Indah;2024-08;9657511
8785209049;Maya Indah;2024-09;5618445
8785209049;Maya Indah;2024-10;4723402
8785209049;Maya Indah;2024-11;9068307
8785209049;Maya Indah;2024-12;11438022
8785209049;Maya Indah;2025-01;7142638
8785209049;Maya Indah;2025-02;4478795
8785209049;Maya Indah;2025-03;5445341
8785209049;Maya Indah;2025-04;10609052
8785209049;Maya Indah;2025-05;6157793
8193124408;Lina Marlina;2024-06;4353395
8193124408;Lina Marlina;2024-07;8932709
8193124408;Lina Marlina;2024-08;10658376
8193124408;Lina Marlina;2024-09;5200780
8193124408;Lina Marlina;2024-10;9162961
8193124408;Lina Marlina;2024-11;8640997
8193124408;Lina Marlina;2024-12;9140734
8193124408;Lina Marlina;2025-01;4872422
8193124408;Lina Marlina;2025-02;5116464
8193124408;Lina Marlina;2025-03;11818592
8193124408;Lina Marlina;2025-04;10765960
8193124408;Lina Marlina;2025-05;11939927
8110186335;Dewi Lestari;2024-06;8169625
8110186335;Dewi Lestari;2024-07;9029640
8110186335;Dewi Lestari;2024-08;8127398
8110186335;Dewi Lestari;2024-09;7796490
8110186335;Dewi Lestari;2024-10;7083556
8110186335;Dewi Lestari;2024-11;9065737
8110186335;Dewi Lestari;2024-12;8932667
8110186335;Dewi Lestari;2025-01;11235354
8110186335;Dewi Lestari;2025-02;9999278
8110186335;Dewi Lestari;2025-03;10047498
8110186335;Dewi Lestari;2025-04;8988515
8110186335;Dewi Lestari;2025-05;4283092
8179642633;Yuni Astuti;2024-06;11132374
8179642633;Yuni Astuti;2024-07;11257114
8179642633;Yuni Astuti;2024-08;9364298
8179642633;Yuni Astuti;2024-09;4308390
8179642633;Yuni Astuti;2024-10;9598457
8179642633;Yuni Astuti;2024-11;9338886
8179642633;Yuni Astuti;2024-12;6843962
8179642633;Yuni Astuti;2025-01;11485179
8179642633;Yuni Astuti;2025-02;6472021
8179642633;Yuni Astuti;2025-03;4399198
8179642633;Yuni Astuti;2025-04;5145162
8179642633;Yuni Astuti;2025-05;4141223
8700064548;Ahmad Fauzi;2024-06;6302705
8700064548;Ahmad Fauzi;2024-07;9040044
8700064548;Ahmad Fauzi;2024-08;11175840
8700064548;Ahmad Fauzi;2024-09;8563643
8700064548;Ahmad Fauzi;2024-10;11958731
8700064548;Ahmad Fauzi;2024-11;9196250
8700064548;Ahmad Fauzi;2024-12;10049956
8700064548;Ahmad Fauzi;2025-01;8558950
8700064548;Ahmad Fauzi;2025-02;6413883
8700064548;Ahmad Fauzi;2025-03;7007094
8700064548;Ahmad Fauzi;2025-04;4053102
8700064548;Ahmad Fauzi;2025-05;10203677
8117276617;Lina Marlina;2024-06;7378503
8117276617;Lina Marlina;2024-07;4925155
8117276617;Lina Marlina;2024-08;11631854
8117276617;Lina Marlina;2024-09;4357142
8117276617;Lina Marlina;2024-10;8454584
8117276617;Lina Marlina;2024-11;4234820
8117276617;Lina Marlina;2024-12;5917066
8117276617;Lina Marlina;2025-01;8470995
8117276617;Lina Marlina;2025-02;5432330
8117276617;Lina Marlina;2025-03;4819343
8117276617;Lina Marlina;2025-04;9822027
8117276617;Lina Marlina;2025-05;10754516
8725198907;Agus Setiawan;2024-06;6797843
8725198907;Agus Setiawan;2024-07;11444934
8725198907;Agus Setiawan;2024-08;10542951
8725198907;Agus Setiawan;2024-09;6212221
8725198907;Agus Setiawan;2024-10;7702235
8725198907;Agus Setiawan;2024-11;5301701
8725198907;Agus Setiawan;2024-12;5914793
8725198907;Agus Setiawan;2025-01;9754233
8725198907;Agus Setiawan;2025-02;11050933
8725198907;Agus Setiawan;2025-03;7128596
8725198907;Agus Setiawan;2025-04;4860895
8725198907;Agus Setiawan;2025-05;6900201
8333280669;Ani Handayani;2024-06;7170841
8333280669;Ani Handayani;2024-07;10728629
8333280669;Ani Handayani;2024-08;5021884
8333280669;Ani Handayani;2024-09;11038271
8333280669;Ani Handayani;2024-10;5030940
8333280669;Ani Handayani;2024-11;4270016
8333280669;Ani Handayani;2024-12;10304331
8333280669;Ani Handayani;2025-01;11322069
8333280669;Ani Handayani;2025-02;6745389
8333280669;Ani Handayani;2025-03;6161620
8333280669;Ani Handayani;2025-04;6464901
8333280669;Ani Handayani;2025-05;4468806
8142233460;Hendra Kurniawan;2024-06;10153982
8142233460;Hendra Kurniawan;2024-07;4009212
8142233460;Hendra Kurniawan;2024-08;4466942
8142233460;Hendra Kurniawan;2024-09;11908539
8142233460;Hendra Kurniawan;2024-10;5008199
8142233460;Hendra Kurniawan;2024-11;9694517
8142233460;Hendra Kurniawan;2024-12;5867755
8142233460;Hendra Kurniawan;2025-01;8646553
8142233460;Hendra Kurniawan;2025-02;4195271
8142233460;Hendra Kurniawan;2025-03;6108426
8142233460;Hendra Kurniawan;2025-04;9820443
8142233460;Hendra Kurniawan;2025-05;11085646
8169920310;Firman Syah;2024-06;8042931
8169920310;Firman Syah;2024-07;5799752
8169920310;Firman Syah;2024-08;9056709
8169920310;Firman Syah;2024-09;10969270
8169920310;Firman Syah;2024-10;7024146
8169920310;Firman Syah;2024-11;6398846
8169920310;Firman Syah;2024-12;9313394
8169920310;Firman Syah;2025-01;5562796
8169920310;Firman Syah;2025-02;6376462
8169920310;Firman Syah;2025-03;4038261
8169920310;Firman Syah;2025-04;4113739
8169920310;Firman Syah;2025-05;10481752
8145234569;Hadi Nugroho;2024-06;10558208
8145234569;Hadi Nugroho;2024-07;11434534
8145234569;Hadi Nugroho;2024-08;5796282
8145234569;Hadi Nugroho;2024-09;4564380
8145234569;Hadi Nugroho;2024-10;10901411
8145234569;Hadi Nugroho;2024-11;9474677
8145234569;Hadi Nugroho;2024-12;6133654
8145234569;Hadi Nugroho;2025-01;11663363
8145234569;Hadi Nugroho;2025-02;11684428
8145234569;Hadi Nugroho;2025-03;5120762
8145234569;Hadi Nugroho;2025-04;4097799
8145234569;Hadi Nugroho;2025-05;9011111
8628307022;Lina Marlina;2024-06;4853213
8628307022;Lina Marlina;2024-07;9750621
8628307022;Lina Marlina;2024-08;7938867
8628307022;Lina Marlina;2024-09;6635834
8628307022;Lina Marlina;2024-10;6505477
8628307022;Lina Marlina;2024-11;4016473
8628307022;Lina Marlina;2024-12;4567696
8628307022;Lina Marlina;2025-01;6591336
8628307022;Lina Marlina;2025-02;4594611
8628307022;Lina Marlina;2025-03;5537919
8628307022;Lina Marlina;2025-04;4302587
8628307022;Lina Marlina;2025-05;11510951
8416418815;Ahmad Fauzi;2024-06;6807002
8416418815;Ahmad Fauzi;2024-07;6433641
8416418815;Ahmad Fauzi;2024-08;4342539
8416418815;Ahmad Fauzi;2024-09;6255832
8416418815;Ahmad Fauzi;2024-10;7881217
8416418815;Ahmad Fauzi;2024-11;8019157
8416418815;Ahmad Fauzi;2024-12;7505740
8416418815;Ahmad Fauzi;2025-01;5745804
8416418815;Ahmad Fauzi;2025-02;11243253
8416418815;Ahmad Fauzi;2025-03;4878914
8416418815;Ahmad Fauzi;2025-04;6117909
8416418815;Ahmad Fauzi;2025-05;10454000
8765120016;Sari Dewi;2024-06;10647241
8765120016;Sari Dewi;2024-07;8297731
8765120016;Sari Dewi;2024-08;7246484
8765120016;Sari Dewi;2024-09;9347859
8765120016;Sari Dewi;2024-10;6582676
8765120016;Sari Dewi;2024-11;5857643
8765120016;Sari Dewi;2024-12;6664535
8765120016;Sari Dewi;2025-01;7481864
8765120016;Sari Dewi;2025-02;4773120
8765120016;Sari Dewi;2025-03;7182105
8765120016;Sari Dewi;2025-04;8264953
8765120016;Sari Dewi;2025-05;11238000
8670186769;Siti Rahayu;2024-06;10295377
8670186769;Siti Rahayu;2024-07;11813207
8670186769;Siti Rahayu;2024-08;4705773
8670186769;Siti Rahayu;2024-09;6750741
8670186769;Siti Rahayu;2024-10;7942888
8670186769;Siti Rahayu;2024-11;10488297
8670186769;Siti Rahayu;2024-12;10329804
8670186769;Siti Rahayu;2025-01;6865382
8670186769;Siti Rahayu;2025-02;4875833
8670186769;Siti Rahayu;2025-03;4601427
8670186769;Siti Rahayu;2025-04;7270430
8670186769;Siti Rahayu;2025-05;7832901
8937497854;Ahmad Fauzi;2024-06;7441942
8937497854;Ahmad Fauzi;2024-07;11272860
8937497854;Ahmad Fauzi;2024-08;11350259
8937497854;Ahmad Fauzi;2024-09;8813176
8937497854;Ahmad Fauzi;2024-10;5522840
8937497854;Ahmad Fauzi;2024-11;8476722
8937497854;Ahmad Fauzi;2024-12;10778831
8937497854;Ahmad Fauzi;2025-01;10153131
8937497854;Ahmad Fauzi;2025-02;7164786
8937497854;Ahmad Fauzi;2025-03;6458353
8937497854;Ahmad Fauzi;2025-04;6692067
8937497854;Ahmad Fauzi;2025-05;11535537
8210194604;Ratna Sari;2024-06;10522547
8210194604;Ratna Sari;2024-07;11947754
8210194604;Ratna Sari;2024-08;10224321
8210194604;Ratna Sari;2024-09;7943559
8210194604;Ratna Sari;2024-10;4753557
8210194604;Ratna Sari;2024-11;5736703
8210194604;Ratna Sari;2024-12;7807957
8210194604;Ratna Sari;2025-01;10410005
8210194604;Ratna Sari;2025-02;10678438
8210194604;Ratna Sari;2025-03;4628077
8210194604;Ratna Sari;2025-04;11025104
8210194604;Ratna Sari;2025-05;5980846
8376687417;Ahmad Fauzi;2024-06;10995529
8376687417;Ahmad Fauzi;2024-07;7256219
8376687417;Ahmad Fauzi;2024-08;7115430
8376687417;Ahmad Fauzi;2024-09;6741704
8376687417;Ahmad Fauzi;2024-10;11962755
8376687417;Ahmad Fauzi;2024-11;6415759
8376687417;Ahmad Fauzi;2024-12;9527335
8376687417;Ahmad Fauzi;2025-01;9953123
8376687417;Ahmad Fauzi;2025-02;8686640
8376687417;Ahmad Fauzi;2025-03;7673758
8376687417;Ahmad Fauzi;2025-04;4886079
8376687417;Ahmad Fauzi;2025-05;8986281
8694758904;Ani Handayani;2024-06;8814275
8694758904;Ani Handayani;2024-07;6340605
8694758904;Ani Handayani;2024-08;11944328
8694758904;Ani Handayani;2024-09;9940840
8694758904;Ani Handayani;2024-10;6005637
8694758904;Ani Handayani;2024-11;10413014
8694758904;Ani Handayani;2024-12;9669380
8694758904;Ani Handayani;2025-01;11673054
8694758904;Ani Handayani;2025-02;6467607
8694758904;Ani Handayani;2025-03;9280536
8694758904;Ani Handayani;2025-04;6828972
8694758904;Ani Handayani;2025-05;8853150
8407052323;Ratna Sari;2024-06;9556428
8407052323;Ratna Sari;2024-07;8350818
8407052323;Ratna Sari;2024-08;4521564
8407052323;Ratna Sari;2024-09;7566506
8407052323;Ratna Sari;2024-10;4514593
8407052323;Ratna Sari;2024-11;7770928
8407052323;Ratna Sari;2024-12;4074288
8407052323;Ratna Sari;2025-01;9309055
8407052323;Ratna Sari;2025-02;8439137
8407052323;Ratna Sari;2025-03;9448272
8407052323;Ratna Sari;2025-04;6237309
8407052323;Ratna Sari;2025-05;6170113
8983380613;Agus Setiawan;2024-06;10630076
8983380613;Agus Setiawan;2024-07;8798054
8983380613;Agus Setiawan;2024-08;6791845
8983380613;Agus Setiawan;2024-09;9642624
8983380613;Agus Setiawan;2024-10;9777322
8983380613;Agus Setiawan;2024-11;11141560
8983380613;Agus Setiawan;2024-12;4188190
8983380613;Agus Setiawan;2025-01;6742453
8983380613;Agus Setiawan;2025-02;8339135
8983380613;Agus Setiawan;2025-03;4658653
8983380613;Agus Setiawan;2025-04;11198621
8983380613;Agus Setiawan;2025-05;10006592
8437386797;Maya Indah;2024-06;9502187
8437386797;Maya Indah;2024-07;10293638
8437386797;Maya Indah;2024-08;11928985
8437386797;Maya Indah;2024-09;4658488
8437386797;Maya Indah;2024-10;6485188
8437386797;Maya Indah;2024-11;8476371
8437386797;Maya Indah;2024-12;8195606
8437386797;Maya Indah;2025-01;8616227
8437386797;Maya Indah;2025-02;8276055
8437386797;Maya Indah;2025-03;11673792
8437386797;Maya Indah;2025-04;10891790
8437386797;Maya Indah;2025-05;4765451
8138731238;Rina Wijaya;2024-06;11026834
8138731238;Rina Wijaya;2024-07;11221568
8138731238;Rina Wijaya;2024-08;4758813
8138731238;Rina Wijaya;2024-09;7164276
8138731238;Rina Wijaya;2024-10;7201419
8138731238;Rina Wijaya;2024-11;4272820
8138731238;Rina Wijaya;2024-12;8271650
8138731238;Rina Wijaya;2025-01;6059892
8138731238;Rina Wijaya;2025-02;4866008
8138731238;Rina Wijaya;2025-03;11798136
8138731238;Rina Wijaya;2025-04;11413054
8138731238;Rina Wijaya;2025-05;7509832
8548734793;Maya Indah;2024-06;9899829
8548734793;Maya Indah;2024-07;5287715
8548734793;Maya Indah;2024-08;9614318
8548734793;Maya Indah;2024-09;5001744
8548734793;Maya Indah;2024-10;9589857
8548734793;Maya Indah;2024-11;7233001
8548734793;Maya Indah;2024-12;4383478
8548734793;Maya Indah;2025-01;6316613
8548734793;Maya Indah;2025-02;6185184
8548734793;Maya Indah;2025-03;8246212
8548734793;Maya Indah;2025-04;11063525
8548734793;Maya Indah;2025-05;11249144
8337778398;Linda Permata;2024-06;6002776
8337778398;Linda Permata;2024-07;8828908
8337778398;Linda Permata;2024-08;10519229
8337778398;Linda Permata;2024-09;4741463
8337778398;Linda Permata;2024-10;9857698
8337778398;Linda Permata;2024-11;4736661
8337778398;Linda Permata;2024-12;4626908
8337778398;Linda Permata;2025-01;6655009
8337778398;Linda Permata;2025-02;9094388
8337778398;Linda Permata;2025-03;7223073
8337778398;Linda Permata;2025-04;9640462
8337778398;Linda Permata;2025-05;10019634
8452094892;Agus Setiawan;2024-06;6316242
8452094892;Agus Setiawan;2024-07;9659471
8452094892;Agus Setiawan;2024-08;5277664
8452094892;Agus Setiawan;2024-09;10375235
8452094892;Agus Setiawan;2024-10;7151417
8452094892;Agus Setiawan;2024-11;5621964
8452094892;Agus Setiawan;2024-12;11178556
8452094892;Agus Setiawan;2025-01;11331833
8452094892;Agus Setiawan;2025-02;11489277
8452094892;Agus Setiawan;2025-03;5138712
8452094892;Agus Setiawan;2025-04;8839527
8452094892;Agus Setiawan;2025-05;4217135
8590611418;Dedi Hermawan;2024-06;9500456
8590611418;Dedi Hermawan;2024-07;10629450
8590611418;Dedi Hermawan;2024-08;6809806
8590611418;Dedi Hermawan;2024-09;11758957
8590611418;Dedi Hermawan;2024-10;4442303
8590611418;Dedi Hermawan;2024-11;6466728
8590611418;Dedi Hermawan;2024-12;10687793
8590611418;Dedi Hermawan;2025-01;7899566
8590611418;Dedi Hermawan;2025-02;6992822
8590611418;Dedi Hermawan;2025-03;9906379
8590611418;Dedi Hermawan;2025-04;5737766
8590611418;Dedi Hermawan;2025-05;4074174
8414669238;Dedi Hermawan;2024-06;8993226
8414669238;Dedi Hermawan;2024-07;4180836
8414669238;Dedi Hermawan;2024-08;9456583
8414669238;Dedi Hermawan;2024-09;5244751
8414669238;Dedi Hermawan;2024-10;7843760
8414669238;Dedi Hermawan;2024-11;11993993
8414669238;Dedi Hermawan;2024-12;4426764
8414669238;Dedi Hermawan;2025-01;7359027
8414669238;Dedi Hermawan;2025-02;5649982
8414669238;Dedi Hermawan;2025-03;9209873
8414669238;Dedi Hermawan;2025-04;5737720
8414669238;Dedi Hermawan;2025-05;7072527
8920480729;Firman Syah;2024-06;5583750
8920480729;Firman Syah;2024-07;9777308
8920480729;Firman Syah;2024-08;7920957
8920480729;Firman Syah;2024-09;5945493
8920480729;Firman Syah;2024-10;4706412
8920480729;Firman Syah;2024-11;4171979
8920480729;Firman Syah;2024-12;4107878
8920480729;Firman Syah;2025-01;6355233
8920480729;Firman Syah;2025-02;5790188
8920480729;Firman Syah;2025-03;11860139
8920480729;Firman Syah;2025-04;6753811
8920480729;Firman Syah;2025-05;7956669
8807498984;Linda Permata;2024-06;7092387
8807498984;Linda Permata;2024-07;10645328
8807498984;Linda Permata;2024-08;7721223
8807498984;Linda Permata;2024-09;4188855
8807498984;Linda Permata;2024-10;11451097
8807498984;Linda Permata;2024-11;9295420
8807498984;Linda Permata;2024-12;7050803
8807498984;Linda Permata;2025-01;4679933
8807498984;Linda Permata;2025-02;10688280
8807498984;Linda Permata;2025-03;9099430
8807498984;Linda Permata;2025-04;4671730
8807498984;Linda Permata;2025-05;10759335
8775908653;Linda Permata;2024-06;6352286
8775908653;Linda Permata;2024-07;8497003
8775908653;Linda Permata;2024-08;6458568
8775908653;Linda Permata;2024-09;5672501
8775908653;Linda Permata;2024-10;4925567
8775908653;Linda Permata;2024-11;11510689
8775908653;Linda Permata;2024-12;7293285
8775908653;Linda Permata;2025-01;7382707
8775908653;Linda Permata;2025-02;10288168
8775908653;Linda Permata;2025-03;6759092
8775908653;Linda Permata;2025-04;9401647
8775908653;Linda Permata;2025-05;11186043
8109508978;Firman Syah;2024-06;9672725
8109508978;Firman Syah;2024-07;5809408
8109508978;Firman Syah;2024-08;7674183
8109508978;Firman Syah;2024-09;9982912
8109508978;Firman Syah;2024-10;5706837
8109508978;Firman Syah;2024-11;11331322
8109508978;Firman Syah;2024-12;4549380
8109508978;Firman Syah;2025-01;10384046
8109508978;Firman Syah;2025-02;10165144
8109508978;Firman Syah;2025-03;5075728
8109508978;Firman Syah;2025-04;9382202
8109508978;Firman Syah;2025-05;4971615
8451034052;Budi Santoso;2024-06;7131971
8451034052;Budi Santoso;2024-07;4981004
8451034052;Budi Santoso;2024-08;8574652
8451034052;Budi Santoso;2024-09;10230996
8451034052;Budi Santoso;2024-10;11604919
8451034052;Budi Santoso;2024-11;4159071
8451034052;Budi Santoso;2024-12;6391375
8451034052;Budi Santoso;2025-01;6125157
8451034052;Budi Santoso;2025-02;10372198
8451034052;Budi Santoso;2025-03;7342079
8451034052;Budi Santoso;2025-04;4555010
8451034052;Budi Santoso;2025-05;4934519
8690877164;Rudi Hartono;2024-06;11704945
8690877164;Rudi Hartono;2024-07;9331980
8690877164;Rudi Hartono;2024-08;11282618
8690877164;Rudi Hartono;2024-09;6831249
8690877164;Rudi Hartono;2024-10;10481944
8690877164;Rudi Hartono;2024-11;9296631
8690877164;Rudi Hartono;2024-12;10181536
8690877164;Rudi Hartono;2025-01;9094337
8690877164;Rudi Hartono;2025-02;4045570
8690877164;Rudi Hartono;2025-03;8309023
8690877164;Rudi Hartono;2025-04;10601601
8690877164;Rudi Hartono;2025-05;8973140
8363666272;Rudi Hartono;2024-06;4473045
8363666272;Rudi Hartono;2024-07;5956551
8363666272;Rudi Hartono;2024-08;8338321
8363666272;Rudi Hartono;2024-09;8671625
8363666272;Rudi Hartono;2024-10;11199671
8363666272;Rudi Hartono;2024-11;9069969
8363666272;Rudi Hartono;2024-12;6572502
8363666272;Rudi Hartono;2025-01;9437735
8363666272;Rudi Hartono;2025-02;6850423
8363666272;Rudi Hartono;2025-03;9779414
8363666272;Rudi Hartono;2025-04;11541915
8363666272;Rudi Hartono;2025-05;11285298
8149085263;Dedi Hermawan;2024-06;8753320
8149085263;Dedi Hermawan;2024-07;6755760
8149085263;Dedi Hermawan;2024-08;11967952
8149085263;Dedi Hermawan;2024-09;8152613
8149085263;Dedi Hermawan;2024-10;9650565
8149085263;Dedi Hermawan;2024-11;8120946
8149085263;Dedi Hermawan;2024-12;9976700
8149085263;Dedi Hermawan;2025-01;5985942
8149085263;Dedi Hermawan;2025-02;4941095
8149085263;Dedi Hermawan;2025-03;4158388
8149085263;Dedi Hermawan;2025-04;5399912
8149085263;Dedi Hermawan;2025-05;6905832
8180244279;Agus Setiawan;2024-06;10042671
8180244279;Agus Setiawan;2024-07;10663238
8180244279;Agus Setiawan;2024-08;8562374
8180244279;Agus Setiawan;2024-09;6570792
8180244279;Agus Setiawan;2024-10;11327391
8180244279;Agus Setiawan;2024-11;8197203
8180244279;Agus Setiawan;2024-12;10165348
8180244279;Agus Setiawan;2025-01;10552829
8180244279;Agus Setiawan;2025-02;9580910
8180244279;Agus Setiawan;2025-03;5831407
8180244279;Agus Setiawan;2025-04;4915790
8180244279;Agus Setiawan;2025-05;5718440
8824412296;Hadi Nugroho;2024-06;6808252
8824412296;Hadi Nugroho;2024-07;11115253
8824412296;Hadi Nugroho;2024-08;9403115
8824412296;Hadi Nugroho;2024-09;10364759
8824412296;Hadi Nugroho;2024-10;5648319
8824412296;Hadi Nugroho;2024-11;8918029
8824412296;Hadi Nugroho;2024-12;4434009
8824412296;Hadi Nugroho;2025-01;7258986
8824412296;Hadi Nugroho;2025-02;10995502
8824412296;Hadi Nugroho;2025-03;6929496
8824412296;Hadi Nugroho;2025-04;9053671
8824412296;Hadi Nugroho;2025-05;6769787
8127793400;Hendra Kurniawan;2024-06;8438553
8127793400;Hendra Kurniawan;2024-07;4138145
8127793400;Hendra Kurniawan;2024-08;7669435
8127793400;Hendra Kurniawan;2024-09;10521608
8127793400;Hendra Kurniawan;2024-10;7040698
8127793400;Hendra Kurniawan;2024-11;5615307
8127793400;Hendra Kurniawan;2024-12;9709157
8127793400;Hendra Kurniawan;2025-01;5945183
8127793400;Hendra Kurniawan;2025-02;11742101
8127793400;Hendra Kurniawan;2025-03;5553488
8127793400;Hendra Kurniawan;2025-04;9236931
8127793400;Hendra Kurniawan;2025-05;8504641
8109494275;Joko Susilo;2024-06;9616452
8109494275;Joko Susilo;2024-07;10820154
8109494275;Joko Susilo;2024-08;11644317
8109494275;Joko Susilo;2024-09;8258086
8109494275;Joko Susilo;2024-10;9579902
8109494275;Joko Susilo;2024-11;6826283
8109494275;Joko Susilo;2024-12;11210423
8109494275;Joko Susilo;2025-01;7777251
8109494275;Joko Susilo;2025-02;11805567
8109494275;Joko Susilo;2025-03;8822927
8109494275;Joko Susilo;2025-04;10695690
8109494275;Joko Susilo;2025-05;10154073
8311197805;Dedi Hermawan;2024-06;11069050
8311197805;Dedi Hermawan;2024-07;8405448
8311197805;Dedi Hermawan;2024-08;8801251
8311197805;Dedi Hermawan;2024-09;9971301
8311197805;Dedi Hermawan;2024-10;4547145
8311197805;Dedi Hermawan;2024-11;9824722
8311197805;Dedi Hermawan;2024-12;7981663
8311197805;Dedi Hermawan;2025-01;4758934
8311197805;Dedi Hermawan;2025-02;4511897
8311197805;Dedi Hermawan;2025-03;8774603
8311197805;Dedi Hermawan;2025-04;9675189
8311197805;Dedi Hermawan;2025-05;6669190
